OrderID,Date,Year,Month,CustomerID,Product,Category,Quantity,Price,Sales,Profit,Region
1,2024-02-13,2024,Feb,C076,Keyboard,Electronics,5,36023,180115,26534.0,East
2,2024-02-04,2024,Feb,C038,Printer,Electronics,4,40343,161372,33495.65,South
3,2024-01-21,2024,Jan,C028,Laptop,Electronics,4,2654,10616,1194.96,South
4,2024-05-26,2024,May,C122,Printer,Electronics,4,7464,29856,3933.07,South
5,2024-11-26,2024,Nov,C169,Printer,Electronics,10,12917,129170,29552.4,South
6,2024-08-11,2024,Aug,C107,Keyboard,Electronics,2,5359,10718,2189.76,East
7,2024-04-15,2024,Apr,C071,Phone,Electronics,3,40303,120909,20109.91,North
8,2024-03-04,2024,Mar,C098,Laptop,Electronics,4,33124,132496,34184.27,North
9,2024-06-07,2024,Jun,C117,Keyboard,Electronics,5,18701,93505,10552.55,West
10,2024-11-03,2024,Nov,C040,Keyboard,Electronics,5,46736,233680,23764.01,West
11,2024-03-10,2024,Mar,C120,Phone,Electronics,1,8522,8522,2420.35,North
12,2024-09-01,2024,Sep,C001,Laptop,Electronics,10,642,6420,1310.47,West
13,2024-10-14,2024,Oct,C179,Phone,Electronics,8,27432,219456,63443.22,West
14,2024-08-09,2024,Aug,C189,Keyboard,Electronics,5,2794,13970,1867.01,South
15,2024-04-30,2024,Apr,C100,Printer,Electronics,4,37049,148196,34360.14,North
16,2024-08-22,2024,Aug,C077,Keyboard,Electronics,3,15474,46422,9533.1,East
17,2024-01-19,2024,Jan,C149,Monitor,Electronics,7,31841,222887,53627.96,North
18,2024-11-16,2024,Nov,C091,Monitor,Electronics,1,32911,32911,8452.4,West
19,2024-03-05,2024,Mar,C044,Phone,Electronics,1,15848,15848,2414.76,East
20,2024-05-03,2024,May,C085,Laptop,Electronics,8,12812,102496,17372.57,North
21,2024-09-17,2024,Sep,C042,Phone,Electronics,8,2160,17280,4655.12,West
22,2024-01-17,2024,Jan,C025,Keyboard,Electronics,7,34257,239799,40713.45,East
23,2024-09-25,2024,Sep,C021,Keyboard,Electronics,3,45885,137655,14075.73,West
24,2024-12-28,2024,Dec,C030,Printer,Electronics,2,3108,6216,674.45,West
25,2024-04-07,2024,Apr,C120,Chair,Furniture,3,46357,139071,20740.62,South
26,2024-01-07,2024,Jan,C016,Laptop,Electronics,4,43766,175064,35358.69,East
27,2024-02-10,2024,Feb,C079,Keyboard,Electronics,5,18653,93265,27899.21,South
28,2024-10-12,2024,Oct,C147,Table,Furniture,1,15651,15651,1756.72,East
29,2024-02-02,2024,Feb,C071,Laptop,Electronics,8,29731,237848,66709.8,West
30,2024-02-10,2024,Feb,C185,Laptop,Electronics,4,49890,199560,48108.03,West
31,2024-05-14,2024,May,C072,Keyboard,Electronics,1,12884,12884,1596.99,West
32,2024-09-27,2024,Sep,C053,Chair,Furniture,3,4768,14304,2620.2,West
33,2024-11-29,2024,Nov,C034,Laptop,Electronics,1,33336,33336,8190.71,North
34,2024-04-26,2024,Apr,C061,Printer,Electronics,6,34691,208146,31500.19,East
35,2024-11-13,2024,Nov,C193,Phone,Electronics,3,21872,65616,14590.84,East
36,2024-03-29,2024,Mar,C135,Chair,Furniture,5,48998,244990,63343.98,North
37,2024-11-04,2024,Nov,C148,Printer,Electronics,6,30620,183720,39470.17,East
38,2024-03-21,2024,Mar,C153,Mouse,Electronics,7,28568,199976,26574.24,South
39,2024-03-28,2024,Mar,C041,Laptop,Electronics,4,34969,139876,17422.12,West
40,2024-10-09,2024,Oct,C182,Laptop,Electronics,3,47249,141747,40215.25,West
41,2024-01-14,2024,Jan,C082,Monitor,Electronics,9,46312,416808,101633.31,West
42,2024-12-15,2024,Dec,C134,Keyboard,Electronics,3,40284,120852,27296.56,West
43,2024-10-31,2024,Oct,C189,Monitor,Electronics,6,44690,268140,59007.16,West
44,2024-03-23,2024,Mar,C126,Laptop,Electronics,7,40323,282261,61570.41,East
45,2024-06-09,2024,Jun,C023,Keyboard,Electronics,7,33520,234640,63453.36,West
46,2024-04-21,2024,Apr,C041,Keyboard,Electronics,7,3373,23611,6864.04,East
47,2024-03-17,2024,Mar,C079,Printer,Electronics,4,48450,193800,20914.29,West
48,2024-12-01,2024,Dec,C063,Laptop,Electronics,9,13659,122931,15916.33,South
49,2024-04-27,2024,Apr,C165,Mouse,Electronics,5,22160,110800,26873.34,South
50,2024-11-24,2024,Nov,C029,Mouse,Electronics,2,30986,61972,8010.03,South
51,2024-02-18,2024,Feb,C014,Keyboard,Electronics,6,24251,145506,42625.02,West
52,2024-10-03,2024,Oct,C010,Mouse,Electronics,1,7973,7973,1268.06,East
53,2024-10-28,2024,Oct,C192,Phone,Electronics,9,25772,231948,57127.18,South
54,2024-02-01,2024,Feb,C049,Laptop,Electronics,6,32651,195906,38582.33,East
55,2024-09-18,2024,Sep,C104,Chair,Furniture,4,38993,155972,21362.82,West
56,2024-01-03,2024,Jan,C058,Printer,Electronics,8,1070,8560,874.26,South
57,2024-07-31,2024,Jul,C055,Monitor,Electronics,8,34950,279600,65713.69,West
58,2024-03-05,2024,Mar,C090,Phone,Electronics,1,30520,30520,6774.04,South
59,2024-11-17,2024,Nov,C091,Mouse,Electronics,6,19386,116316,17066.85,East
60,2024-05-24,2024,May,C131,Printer,Electronics,2,23914,47828,5919.01,West
61,2024-07-23,2024,Jul,C118,Phone,Electronics,4,37879,151516,25221.45,East
62,2024-08-03,2024,Aug,C088,Laptop,Electronics,2,37892,75784,20822.9,North
63,2024-11-03,2024,Nov,C151,Laptop,Electronics,6,41825,250950,69247.0,South
64,2024-01-18,2024,Jan,C142,Monitor,Electronics,8,3963,31704,3850.26,North
65,2024-10-10,2024,Oct,C178,Laptop,Electronics,2,20970,41940,8421.29,South
66,2024-03-09,2024,Mar,C185,Mouse,Electronics,6,37167,223002,44737.25,South
67,2024-05-02,2024,May,C130,Mouse,Electronics,7,1817,12719,3767.12,East
68,2024-09-15,2024,Sep,C127,Phone,Electronics,10,688,6880,1319.67,South
69,2024-11-25,2024,Nov,C086,Monitor,Electronics,1,11901,11901,1601.0,West
70,2024-08-19,2024,Aug,C175,Laptop,Electronics,4,12209,48836,7650.66,West
71,2024-08-26,2024,Aug,C129,Laptop,Electronics,4,18982,75928,22420.98,West
72,2024-12-22,2024,Dec,C019,Table,Furniture,10,7227,72270,19878.79,East
73,2024-01-07,2024,Jan,C056,Laptop,Electronics,1,4122,4122,612.81,West
74,2024-10-29,2024,Oct,C115,Laptop,Electronics,10,31658,316580,77634.78,West
75,2024-10-16,2024,Oct,C169,Chair,Furniture,6,3995,23970,2539.73,West
76,2024-11-26,2024,Nov,C164,Chair,Furniture,7,8364,58548,17060.84,West
77,2024-12-27,2024,Dec,C142,Laptop,Electronics,1,34456,34456,9560.07,East
78,2024-04-02,2024,Apr,C171,Monitor,Electronics,9,47186,424674,91390.56,East
79,2024-10-10,2024,Oct,C077,Keyboard,Electronics,10,33236,332360,55413.02,North
80,2024-02-09,2024,Feb,C161,Keyboard,Electronics,4,45733,182932,49543.22,South
81,2024-02-10,2024,Feb,C187,Laptop,Electronics,2,5803,11606,2002.87,South
82,2024-12-02,2024,Dec,C189,Printer,Electronics,4,35502,142008,39433.25,South
83,2024-08-31,2024,Aug,C168,Phone,Electronics,3,4002,12006,1758.08,North
84,2024-10-07,2024,Oct,C124,Keyboard,Electronics,6,7624,45744,5808.46,West
85,2024-09-14,2024,Sep,C191,Table,Furniture,4,17661,70644,9660.31,West
86,2024-07-21,2024,Jul,C005,Printer,Electronics,8,12386,99088,9941.29,North
87,2024-06-06,2024,Jun,C139,Keyboard,Electronics,6,20046,120276,32440.54,West
88,2024-02-23,2024,Feb,C141,Chair,Furniture,1,20470,20470,2822.2,South
89,2024-12-11,2024,Dec,C179,Chair,Furniture,3,25541,76623,12405.34,West
90,2024-09-28,2024,Sep,C181,Keyboard,Electronics,3,25807,77421,16608.14,North
91,2024-04-14,2024,Apr,C023,Table,Furniture,4,1741,6964,1736.35,West
92,2024-02-08,2024,Feb,C117,Table,Furniture,8,25238,201904,39642.53,West
93,2024-05-24,2024,May,C089,Chair,Furniture,4,25748,102992,28949.44,North
94,2024-05-22,2024,May,C156,Phone,Electronics,7,25530,178710,37358.81,East
95,2024-10-30,2024,Oct,C009,Laptop,Electronics,8,24502,196016,43193.2,West
96,2024-10-28,2024,Oct,C064,Table,Furniture,3,14550,43650,10487.59,West
97,2024-09-30,2024,Sep,C158,Monitor,Electronics,10,39744,397440,59780.89,South
98,2024-03-01,2024,Mar,C108,Monitor,Electronics,7,48599,340193,101985.72,South
99,2024-12-11,2024,Dec,C012,Monitor,Electronics,4,18533,74132,15499.29,South
100,2024-10-14,2024,Oct,C099,Table,Furniture,3,22984,68952,8091.72,South
101,2024-07-31,2024,Jul,C194,Chair,Furniture,3,8202,24606,5078.09,South
102,2024-09-11,2024,Sep,C104,Chair,Furniture,7,9125,63875,14303.51,South
103,2024-06-19,2024,Jun,C121,Laptop,Electronics,2,43010,86020,16339.7,South
104,2024-11-20,2024,Nov,C165,Phone,Electronics,1,47537,47537,5810.33,South
105,2024-02-14,2024,Feb,C082,Mouse,Electronics,5,37299,186495,44076.71,South
106,2024-08-20,2024,Aug,C190,Phone,Electronics,3,6948,20844,5327.68,West
107,2024-06-01,2024,Jun,C195,Chair,Furniture,3,33338,100014,21337.33,West
108,2024-11-13,2024,Nov,C095,Monitor,Electronics,1,8090,8090,1664.17,West
109,2024-02-18,2024,Feb,C012,Chair,Furniture,6,41741,250446,48521.69,North
110,2024-09-29,2024,Sep,C005,Keyboard,Electronics,7,30587,214109,54306.7,West
111,2024-11-06,2024,Nov,C013,Monitor,Electronics,3,37799,113397,18070.84,South
112,2024-04-18,2024,Apr,C059,Mouse,Electronics,10,46804,468040,55237.93,West
113,2024-11-03,2024,Nov,C124,Laptop,Electronics,8,46439,371512,108190.25,North
114,2024-06-19,2024,Jun,C139,Laptop,Electronics,5,19951,99755,15084.71,East
115,2024-06-25,2024,Jun,C141,Monitor,Electronics,1,27832,27832,3859.26,East
116,2024-10-31,2024,Oct,C185,Laptop,Electronics,8,14790,118320,19450.7,South
117,2024-07-10,2024,Jul,C063,Keyboard,Electronics,9,22183,199647,53983.98,North
118,2024-06-11,2024,Jun,C168,Laptop,Electronics,1,34562,34562,9297.87,West
119,2024-11-11,2024,Nov,C013,Laptop,Electronics,7,25937,181559,49793.09,South
120,2024-01-13,2024,Jan,C132,Table,Furniture,6,9525,57150,11353.39,South
121,2024-12-13,2024,Dec,C128,Monitor,Electronics,6,45054,270324,49562.48,North
122,2024-07-06,2024,Jul,C059,Mouse,Electronics,9,22884,205956,29101.24,West
123,2024-12-25,2024,Dec,C145,Mouse,Electronics,1,7270,7270,1389.28,North
124,2024-12-10,2024,Dec,C042,Keyboard,Electronics,7,23632,165424,39129.85,South
125,2024-09-29,2024,Sep,C188,Monitor,Electronics,10,27045,270450,64890.07,West
126,2024-12-18,2024,Dec,C113,Keyboard,Electronics,1,24717,24717,4879.28,East
127,2024-01-11,2024,Jan,C089,Keyboard,Electronics,6,20681,124086,34868.43,East
128,2024-06-11,2024,Jun,C031,Table,Furniture,10,19948,199480,54121.68,North
129,2024-11-16,2024,Nov,C058,Phone,Electronics,4,25656,102624,12403.15,East
130,2024-06-07,2024,Jun,C190,Mouse,Electronics,1,20147,20147,2033.85,South
131,2024-04-08,2024,Apr,C124,Mouse,Electronics,2,21493,42986,7233.17,West
132,2024-07-25,2024,Jul,C124,Mouse,Electronics,4,49353,197412,22005.51,South
133,2024-08-14,2024,Aug,C103,Keyboard,Electronics,7,18920,132440,17640.4,East
134,2024-05-26,2024,May,C169,Table,Furniture,2,23278,46556,7195.31,West
135,2024-02-28,2024,Feb,C113,Printer,Electronics,4,25797,103188,28616.12,South
136,2024-05-12,2024,May,C078,Mouse,Electronics,7,45055,315385,93921.57,North
137,2024-05-21,2024,May,C066,Laptop,Electronics,3,48501,145503,37275.05,West
138,2024-05-17,2024,May,C038,Printer,Electronics,1,22876,22876,5185.48,South
139,2024-05-30,2024,May,C032,Monitor,Electronics,6,25685,154110,20537.67,East
140,2024-09-13,2024,Sep,C121,Mouse,Electronics,10,16617,166170,17387.73,South
141,2024-12-28,2024,Dec,C169,Keyboard,Electronics,5,41304,206520,60414.57,North
142,2024-05-31,2024,May,C061,Phone,Electronics,3,43965,131895,13672.52,West
143,2024-01-11,2024,Jan,C117,Mouse,Electronics,7,20219,141533,30520.24,North
144,2024-11-12,2024,Nov,C059,Monitor,Electronics,8,2213,17704,3819.95,East
145,2024-10-13,2024,Oct,C046,Phone,Electronics,6,3902,23412,5266.04,North
146,2024-07-08,2024,Jul,C101,Phone,Electronics,1,3457,3457,769.69,North
147,2024-09-21,2024,Sep,C046,Chair,Furniture,8,22831,182648,52267.16,West
148,2024-07-30,2024,Jul,C129,Laptop,Electronics,10,12004,120040,15105.24,East
149,2024-12-22,2024,Dec,C138,Printer,Electronics,9,29236,263124,50760.87,North
150,2024-08-15,2024,Aug,C135,Laptop,Electronics,6,1183,7098,1624.03,South
151,2024-12-22,2024,Dec,C163,Printer,Electronics,6,42679,256074,50731.03,South
152,2024-11-02,2024,Nov,C131,Monitor,Electronics,3,1546,4638,472.71,East
153,2024-06-30,2024,Jun,C133,Chair,Furniture,4,14047,56188,16531.54,East
154,2024-08-21,2024,Aug,C178,Mouse,Electronics,3,49727,149181,24134.24,North
155,2024-10-12,2024,Oct,C079,Phone,Electronics,6,17771,106626,16027.32,East
156,2024-03-19,2024,Mar,C099,Laptop,Electronics,4,26726,106904,13763.9,South
157,2024-11-26,2024,Nov,C065,Mouse,Electronics,4,40423,161692,20456.68,South
158,2024-12-06,2024,Dec,C186,Phone,Electronics,8,13437,107496,11479.56,North
159,2024-02-18,2024,Feb,C054,Table,Furniture,3,17146,51438,9820.06,West
160,2024-01-28,2024,Jan,C164,Monitor,Electronics,6,39021,234126,45079.36,West
161,2024-08-31,2024,Aug,C194,Chair,Furniture,9,11866,106794,27144.65,West
162,2024-08-22,2024,Aug,C066,Table,Furniture,1,29489,29489,5776.8,East
163,2024-09-05,2024,Sep,C010,Laptop,Electronics,10,42841,428410,55286.48,East
164,2024-08-29,2024,Aug,C047,Printer,Electronics,5,47609,238045,34054.08,East
165,2024-07-25,2024,Jul,C029,Mouse,Electronics,10,8360,83600,17504.13,West
166,2024-01-04,2024,Jan,C012,Keyboard,Electronics,6,13324,79944,14009.55,North
167,2024-05-13,2024,May,C142,Phone,Electronics,10,22486,224860,51055.61,East
168,2024-01-05,2024,Jan,C104,Phone,Electronics,8,9359,74872,8815.94,East
169,2024-05-17,2024,May,C030,Mouse,Electronics,3,3555,10665,2955.17,East
170,2024-09-27,2024,Sep,C093,Table,Furniture,9,38524,346716,50880.33,South
171,2024-01-03,2024,Jan,C151,Laptop,Electronics,6,38012,228072,39408.04,West
172,2024-07-07,2024,Jul,C168,Keyboard,Electronics,7,37302,261114,68631.26,West
173,2024-12-18,2024,Dec,C164,Phone,Electronics,4,17105,68420,16073.33,North
174,2024-07-11,2024,Jul,C148,Monitor,Electronics,10,15197,151970,39980.94,East
175,2024-10-01,2024,Oct,C096,Monitor,Electronics,1,24493,24493,2723.28,West
176,2024-10-03,2024,Oct,C091,Monitor,Electronics,7,41518,290626,50997.23,North
177,2024-08-17,2024,Aug,C180,Table,Furniture,9,44655,401895,58711.69,North
178,2024-04-07,2024,Apr,C067,Monitor,Electronics,10,24211,242110,28023.47,West
179,2024-04-25,2024,Apr,C195,Printer,Electronics,8,49636,397088,51283.92,South
180,2024-01-12,2024,Jan,C109,Keyboard,Electronics,8,33623,268984,52155.26,East
181,2024-06-06,2024,Jun,C164,Mouse,Electronics,5,21031,105155,28476.07,South
182,2024-10-12,2024,Oct,C035,Mouse,Electronics,8,3392,27136,3525.12,West
183,2024-05-31,2024,May,C187,Laptop,Electronics,6,40570,243420,48095.75,South
184,2024-03-05,2024,Mar,C164,Laptop,Electronics,8,48178,385424,55064.77,South
185,2024-09-06,2024,Sep,C132,Monitor,Electronics,6,24028,144168,35694.58,East
186,2024-11-06,2024,Nov,C001,Chair,Furniture,3,33765,101295,26961.65,South
187,2024-07-26,2024,Jul,C111,Mouse,Electronics,4,4650,18600,3998.6,North
188,2024-10-26,2024,Oct,C200,Keyboard,Electronics,6,19625,117750,30683.57,South
189,2024-06-24,2024,Jun,C178,Mouse,Electronics,3,19182,57546,16505.12,North
190,2024-10-27,2024,Oct,C073,Table,Furniture,7,47426,331982,93212.29,West
191,2024-04-17,2024,Apr,C140,Phone,Electronics,2,44426,88852,11684.72,West
192,2024-09-02,2024,Sep,C036,Keyboard,Electronics,5,27264,136320,31849.37,South
193,2024-10-14,2024,Oct,C021,Monitor,Electronics,7,35694,249858,28756.43,West
194,2024-05-05,2024,May,C165,Mouse,Electronics,2,18921,37842,11122.81,South
195,2024-07-24,2024,Jul,C035,Table,Furniture,9,39504,355536,102079.77,South
196,2024-06-24,2024,Jun,C079,Printer,Electronics,10,21005,210050,48034.7,East
197,2024-06-21,2024,Jun,C097,Mouse,Electronics,8,1207,9656,2873.54,West
198,2024-08-06,2024,Aug,C141,Keyboard,Electronics,5,6869,34345,9142.98,West
199,2024-05-12,2024,May,C044,Keyboard,Electronics,1,12186,12186,1380.58,East
200,2024-10-15,2024,Oct,C182,Chair,Furniture,3,7023,21069,6267.41,North
201,2024-11-21,2024,Nov,C185,Keyboard,Electronics,2,25830,51660,10784.19,South
202,2024-12-24,2024,Dec,C020,Chair,Furniture,1,10584,10584,1634.37,East
203,2024-08-30,2024,Aug,C113,Phone,Electronics,7,22466,157262,44637.49,East
204,2024-12-02,2024,Dec,C114,Mouse,Electronics,2,16338,32676,3517.96,East
205,2024-09-16,2024,Sep,C164,Laptop,Electronics,4,7234,28936,6279.69,North
206,2024-03-25,2024,Mar,C062,Keyboard,Electronics,2,3565,7130,1561.03,West
207,2024-04-02,2024,Apr,C046,Table,Furniture,8,1292,10336,2514.17,East
208,2024-04-19,2024,Apr,C174,Table,Furniture,2,31784,63568,15730.37,South
209,2024-08-20,2024,Aug,C161,Phone,Electronics,2,14560,29120,3357.13,North
210,2024-02-22,2024,Feb,C005,Keyboard,Electronics,5,34723,173615,43230.94,South
211,2024-12-18,2024,Dec,C103,Phone,Electronics,8,37707,301656,70582.08,East
212,2024-06-19,2024,Jun,C128,Printer,Electronics,6,2715,16290,3074.36,North
213,2024-05-29,2024,May,C096,Phone,Electronics,6,17174,103044,16091.56,North
214,2024-11-21,2024,Nov,C140,Laptop,Electronics,10,49537,495370,66794.94,South
215,2024-05-23,2024,May,C146,Mouse,Electronics,7,8168,57176,12096.17,West
216,2024-02-19,2024,Feb,C194,Monitor,Electronics,2,5785,11570,3222.84,West
217,2024-11-12,2024,Nov,C178,Mouse,Electronics,8,39563,316504,48062.87,East
218,2024-09-24,2024,Sep,C080,Chair,Furniture,9,26547,238923,25806.33,West
219,2024-06-21,2024,Jun,C008,Chair,Furniture,9,42295,380655,68092.87,West
220,2024-05-29,2024,May,C059,Printer,Electronics,7,38883,272181,41292.6,North
221,2024-11-13,2024,Nov,C044,Laptop,Electronics,8,9273,74184,12165.46,South
222,2024-06-22,2024,Jun,C077,Laptop,Electronics,6,3914,23484,4724.22,West
223,2024-09-03,2024,Sep,C072,Monitor,Electronics,10,46537,465370,88507.23,South
224,2024-08-02,2024,Aug,C024,Chair,Furniture,7,48071,336497,75561.15,West
225,2024-06-19,2024,Jun,C185,Phone,Electronics,8,21409,171272,27994.91,North
226,2024-07-05,2024,Jul,C074,Phone,Electronics,4,46621,186484,21058.42,South
227,2024-02-03,2024,Feb,C034,Keyboard,Electronics,8,21792,174336,20755.69,East
228,2024-08-05,2024,Aug,C190,Table,Furniture,7,35360,247520,51923.71,North
229,2024-11-01,2024,Nov,C178,Printer,Electronics,1,37239,37239,8981.58,South
230,2024-04-06,2024,Apr,C001,Mouse,Electronics,3,32723,98169,19638.9,South
231,2024-01-11,2024,Jan,C172,Laptop,Electronics,1,14816,14816,2064.88,West
232,2024-02-25,2024,Feb,C052,Laptop,Electronics,10,25329,253290,48656.86,North
233,2024-02-16,2024,Feb,C056,Mouse,Electronics,6,23634,141804,20181.93,South
234,2024-02-28,2024,Feb,C085,Printer,Electronics,5,43841,219205,61898.8,South
235,2024-05-06,2024,May,C132,Phone,Electronics,1,17821,17821,3945.91,East
236,2024-01-21,2024,Jan,C010,Chair,Furniture,3,44267,132801,17935.75,West
237,2024-01-21,2024,Jan,C099,Laptop,Electronics,7,2018,14126,2843.71,East
238,2024-04-22,2024,Apr,C106,Mouse,Electronics,2,13504,27008,5534.87,North
239,2024-11-10,2024,Nov,C072,Phone,Electronics,9,28900,260100,72026.84,North
240,2024-07-31,2024,Jul,C177,Phone,Electronics,10,746,7460,868.03,South
241,2024-05-13,2024,May,C111,Monitor,Electronics,2,44284,88568,12048.64,East
242,2024-06-27,2024,Jun,C046,Table,Furniture,3,45172,135516,31863.58,East
243,2024-01-30,2024,Jan,C067,Monitor,Electronics,4,4074,16296,3082.01,East
244,2024-07-04,2024,Jul,C186,Laptop,Electronics,2,21699,43398,12283.21,East
245,2024-11-19,2024,Nov,C151,Phone,Electronics,3,32721,98163,24955.7,West
246,2024-10-13,2024,Oct,C162,Mouse,Electronics,10,48021,480210,127482.27,East
247,2024-03-10,2024,Mar,C175,Table,Furniture,3,33398,100194,28919.4,South
248,2024-07-01,2024,Jul,C113,Laptop,Electronics,3,18856,56568,7704.59,West
249,2024-05-16,2024,May,C060,Monitor,Electronics,6,6377,38262,8333.81,West
250,2024-10-03,2024,Oct,C040,Table,Furniture,7,4852,33964,6285.52,East
251,2024-12-12,2024,Dec,C149,Monitor,Electronics,7,44810,313670,57235.11,West
252,2024-05-10,2024,May,C021,Mouse,Electronics,7,48853,341971,90988.47,West
253,2024-10-11,2024,Oct,C111,Table,Furniture,6,29903,179418,38132.52,South
254,2024-11-09,2024,Nov,C075,Table,Furniture,4,40591,162364,43274.74,South
255,2024-10-07,2024,Oct,C181,Phone,Electronics,9,42412,381708,60357.23,South
256,2024-02-12,2024,Feb,C136,Chair,Furniture,9,9434,84906,19784.59,East
257,2024-11-17,2024,Nov,C017,Printer,Electronics,1,42427,42427,4418.89,West
258,2024-01-22,2024,Jan,C174,Printer,Electronics,3,13368,40104,11251.76,East
259,2024-08-08,2024,Aug,C138,Monitor,Electronics,4,17056,68224,14067.04,West
260,2024-01-09,2024,Jan,C190,Monitor,Electronics,2,23460,46920,5612.42,North
261,2024-07-04,2024,Jul,C034,Monitor,Electronics,8,33140,265120,63852.65,West
262,2024-05-06,2024,May,C013,Mouse,Electronics,10,23798,237980,35821.78,East
263,2024-07-26,2024,Jul,C115,Printer,Electronics,9,811,7299,2113.75,West
264,2024-04-05,2024,Apr,C084,Chair,Furniture,7,21532,150724,26662.03,South
265,2024-03-16,2024,Mar,C120,Table,Furniture,3,41378,124134,15046.94,East
266,2024-03-09,2024,Mar,C132,Monitor,Electronics,10,34584,345840,41725.14,North
267,2024-01-03,2024,Jan,C185,Table,Furniture,5,48708,243540,68177.1,West
268,2024-05-06,2024,May,C079,Mouse,Electronics,9,36482,328338,47767.62,South
269,2024-06-04,2024,Jun,C011,Phone,Electronics,6,40051,240306,31037.0,North
270,2024-07-30,2024,Jul,C167,Laptop,Electronics,2,45670,91340,20859.11,East
271,2024-01-02,2024,Jan,C105,Mouse,Electronics,2,7772,15544,4401.98,East
272,2024-12-21,2024,Dec,C142,Printer,Electronics,8,48411,387288,51763.47,South
273,2024-08-02,2024,Aug,C069,Printer,Electronics,5,40409,202045,46596.38,South
274,2024-06-07,2024,Jun,C031,Keyboard,Electronics,1,32063,32063,7189.64,East
275,2024-09-02,2024,Sep,C002,Mouse,Electronics,4,44979,179916,45377.04,South
276,2024-02-07,2024,Feb,C138,Chair,Furniture,7,5505,38535,8266.7,East
277,2024-11-29,2024,Nov,C079,Phone,Electronics,10,41329,413290,101872.64,West
278,2024-01-04,2024,Jan,C010,Printer,Electronics,4,13070,52280,6684.59,North
279,2024-04-13,2024,Apr,C096,Table,Furniture,9,44295,398655,45387.73,North
280,2024-11-21,2024,Nov,C066,Laptop,Electronics,10,25387,253870,45782.71,South
281,2024-04-22,2024,Apr,C186,Table,Furniture,8,32714,261712,51491.28,East
282,2024-07-12,2024,Jul,C086,Table,Furniture,9,48020,432180,60037.88,North
283,2024-03-07,2024,Mar,C108,Mouse,Electronics,1,48775,48775,12831.29,West
284,2024-01-18,2024,Jan,C100,Phone,Electronics,2,46649,93298,20815.28,West
285,2024-03-22,2024,Mar,C114,Phone,Electronics,3,36178,108534,23388.76,North
286,2024-09-15,2024,Sep,C199,Keyboard,Electronics,8,37847,302776,42499.03,South
287,2024-10-20,2024,Oct,C173,Mouse,Electronics,10,33403,334030,66231.8,North
288,2024-06-20,2024,Jun,C137,Chair,Furniture,6,46796,280776,79599.8,East
289,2024-09-11,2024,Sep,C041,Table,Furniture,1,28393,28393,4063.66,South
290,2024-04-21,2024,Apr,C159,Mouse,Electronics,1,37521,37521,9851.15,North
291,2024-03-16,2024,Mar,C150,Keyboard,Electronics,2,4444,8888,1258.11,East
292,2024-11-07,2024,Nov,C101,Keyboard,Electronics,4,2652,10608,1429.69,West
293,2024-06-09,2024,Jun,C168,Laptop,Electronics,6,33042,198252,30761.41,West
294,2024-07-30,2024,Jul,C179,Keyboard,Electronics,7,36551,255857,28992.22,South
295,2024-11-02,2024,Nov,C118,Monitor,Electronics,2,11612,23224,2359.38,South
296,2024-01-09,2024,Jan,C038,Phone,Electronics,1,13908,13908,3861.4,North
297,2024-02-16,2024,Feb,C002,Keyboard,Electronics,1,15670,15670,3791.66,West
298,2024-07-31,2024,Jul,C089,Keyboard,Electronics,2,22968,45936,11336.57,West
299,2024-11-19,2024,Nov,C147,Table,Furniture,10,5695,56950,8712.8,North
300,2024-12-17,2024,Dec,C017,Phone,Electronics,6,16968,101808,28008.13,West
301,2024-09-22,2024,Sep,C191,Printer,Electronics,3,42182,126546,17496.84,West
302,2024-02-26,2024,Feb,C057,Mouse,Electronics,1,12285,12285,2917.4,North
303,2024-02-17,2024,Feb,C149,Mouse,Electronics,9,35727,321543,35048.95,West
304,2024-10-20,2024,Oct,C096,Mouse,Electronics,2,44011,88022,23938.64,North
305,2024-08-22,2024,Aug,C196,Laptop,Electronics,7,37380,261660,65652.02,South
306,2024-06-05,2024,Jun,C099,Keyboard,Electronics,6,19807,118842,21807.33,South
307,2024-01-30,2024,Jan,C055,Chair,Furniture,2,48147,96294,21983.72,South
308,2024-01-02,2024,Jan,C169,Laptop,Electronics,1,31740,31740,3702.5,East
309,2024-05-12,2024,May,C125,Phone,Electronics,1,1398,1398,408.62,West
310,2024-10-03,2024,Oct,C122,Monitor,Electronics,6,5992,35952,9594.21,North
311,2024-09-12,2024,Sep,C088,Chair,Furniture,9,37527,337743,51172.7,West
312,2024-08-06,2024,Aug,C125,Monitor,Electronics,10,40116,401160,57443.73,West
313,2024-02-25,2024,Feb,C018,Mouse,Electronics,5,15006,75030,15069.21,West
314,2024-08-09,2024,Aug,C113,Mouse,Electronics,2,39029,78058,15684.53,North
315,2024-10-31,2024,Oct,C107,Table,Furniture,6,46013,276078,29804.29,East
316,2024-05-31,2024,May,C036,Phone,Electronics,5,23859,119295,30667.68,East
317,2024-05-28,2024,May,C061,Chair,Furniture,7,31340,219380,60798.94,East
318,2024-12-12,2024,Dec,C044,Table,Furniture,7,30170,211190,52401.36,North
319,2024-08-23,2024,Aug,C131,Mouse,Electronics,3,25402,76206,17955.56,North
320,2024-02-10,2024,Feb,C095,Laptop,Electronics,3,10479,31437,5974.42,West
321,2024-12-26,2024,Dec,C144,Phone,Electronics,8,27592,220736,34312.31,West
322,2024-09-29,2024,Sep,C171,Mouse,Electronics,6,3169,19014,3408.3,North
323,2024-02-14,2024,Feb,C132,Laptop,Electronics,4,45139,180556,30946.15,West
324,2024-12-11,2024,Dec,C148,Monitor,Electronics,7,28843,201901,35889.29,South
325,2024-04-01,2024,Apr,C076,Laptop,Electronics,5,47649,238245,29171.83,East
326,2024-03-04,2024,Mar,C102,Phone,Electronics,2,7606,15212,2933.45,North
327,2024-05-09,2024,May,C110,Laptop,Electronics,7,8852,61964,15702.5,South
328,2024-08-04,2024,Aug,C043,Phone,Electronics,9,22455,202095,22221.67,East
329,2024-10-25,2024,Oct,C172,Phone,Electronics,1,31352,31352,4028.5,North
330,2024-04-06,2024,Apr,C092,Chair,Furniture,10,15523,155230,22151.15,East
331,2024-04-20,2024,Apr,C108,Printer,Electronics,5,14200,71000,12981.5,East
332,2024-11-27,2024,Nov,C168,Keyboard,Electronics,8,38283,306264,61253.34,North
333,2024-03-29,2024,Mar,C015,Keyboard,Electronics,1,42461,42461,8208.42,South
334,2024-01-26,2024,Jan,C105,Laptop,Electronics,9,2736,24624,5775.76,North
335,2024-08-15,2024,Aug,C025,Printer,Electronics,2,17466,34932,4784.22,East
336,2024-05-17,2024,May,C036,Phone,Electronics,8,34031,272248,70842.98,West
337,2024-12-03,2024,Dec,C015,Laptop,Electronics,6,6708,40248,10249.16,South
338,2024-09-25,2024,Sep,C189,Printer,Electronics,1,4299,4299,774.81,West
339,2024-05-20,2024,May,C011,Chair,Furniture,10,21932,219320,28172.53,South
340,2024-02-22,2024,Feb,C009,Phone,Electronics,1,19540,19540,3754.7,South
341,2024-11-15,2024,Nov,C119,Printer,Electronics,4,48492,193968,55474.18,East
342,2024-01-24,2024,Jan,C037,Mouse,Electronics,4,45196,180784,46819.1,North
343,2024-01-13,2024,Jan,C057,Keyboard,Electronics,2,680,1360,138.25,South
344,2024-07-17,2024,Jul,C050,Printer,Electronics,2,20398,40796,11107.33,West
345,2024-05-31,2024,May,C012,Mouse,Electronics,1,37266,37266,8664.77,West
346,2024-03-18,2024,Mar,C166,Phone,Electronics,9,15721,141489,41709.82,East
347,2024-04-02,2024,Apr,C185,Chair,Furniture,2,20260,40520,10774.56,South
348,2024-01-09,2024,Jan,C084,Keyboard,Electronics,6,18576,111456,19072.7,West
349,2024-10-31,2024,Oct,C011,Mouse,Electronics,7,2830,19810,4074.41,North
350,2024-10-10,2024,Oct,C114,Phone,Electronics,7,23818,166726,40584.0,South
351,2024-11-30,2024,Nov,C003,Phone,Electronics,1,14301,14301,1970.94,North
352,2024-04-11,2024,Apr,C126,Phone,Electronics,9,524,4716,1146.32,East
353,2024-03-12,2024,Mar,C133,Phone,Electronics,2,46587,93174,14258.86,East
354,2024-01-06,2024,Jan,C191,Mouse,Electronics,2,30085,60170,8919.28,West
355,2024-11-24,2024,Nov,C144,Keyboard,Electronics,9,12333,110997,16936.66,East
356,2024-04-17,2024,Apr,C170,Keyboard,Electronics,10,6483,64830,8978.43,North
357,2024-03-07,2024,Mar,C148,Monitor,Electronics,3,45288,135864,27437.38,South
358,2024-07-02,2024,Jul,C200,Mouse,Electronics,7,25711,179977,23194.94,West
359,2024-04-21,2024,Apr,C104,Mouse,Electronics,9,12888,115992,17003.95,North
360,2024-11-05,2024,Nov,C173,Printer,Electronics,1,13101,13101,2981.79,North
361,2024-08-10,2024,Aug,C152,Printer,Electronics,1,43321,43321,8876.89,West
362,2024-12-15,2024,Dec,C135,Table,Furniture,7,12666,88662,15043.62,South
363,2024-07-13,2024,Jul,C110,Laptop,Electronics,9,48849,439641,126783.64,East
364,2024-11-24,2024,Nov,C046,Phone,Electronics,3,17636,52908,7121.68,West
365,2024-09-23,2024,Sep,C150,Keyboard,Electronics,7,36570,255990,68514.61,East
366,2024-03-05,2024,Mar,C095,Table,Furniture,10,12265,122650,30866.01,North
367,2024-09-17,2024,Sep,C091,Printer,Electronics,10,48363,483630,59406.46,South
368,2024-03-02,2024,Mar,C095,Mouse,Electronics,2,16447,32894,9809.22,West
369,2024-08-26,2024,Aug,C050,Keyboard,Electronics,2,13978,27956,3666.92,South
370,2024-11-29,2024,Nov,C032,Printer,Electronics,9,12396,111564,18932.91,East
371,2024-07-11,2024,Jul,C100,Printer,Electronics,4,2775,11100,2156.7,South
372,2024-01-25,2024,Jan,C134,Mouse,Electronics,6,5277,31662,5990.9,East
373,2024-04-19,2024,Apr,C168,Printer,Electronics,10,9749,97490,26958.11,North
374,2024-12-28,2024,Dec,C011,Table,Furniture,8,13857,110856,13474.71,West
375,2024-02-12,2024,Feb,C021,Monitor,Electronics,9,17094,153846,44903.42,North
376,2024-12-26,2024,Dec,C120,Keyboard,Electronics,10,41073,410730,96159.1,North
377,2024-10-13,2024,Oct,C184,Printer,Electronics,4,2182,8728,2104.8,East
378,2024-03-03,2024,Mar,C004,Table,Furniture,3,49491,148473,31852.18,East
379,2024-02-13,2024,Feb,C044,Laptop,Electronics,9,13250,119250,24463.9,South
380,2024-01-29,2024,Jan,C034,Keyboard,Electronics,2,49361,98722,25149.88,South
381,2024-10-23,2024,Oct,C060,Laptop,Electronics,8,38386,307088,90940.69,South
382,2024-06-04,2024,Jun,C011,Laptop,Electronics,5,3556,17780,2174.4,West
383,2024-09-28,2024,Sep,C199,Chair,Furniture,10,16477,164770,20024.04,North
384,2024-10-21,2024,Oct,C113,Printer,Electronics,2,903,1806,502.12,North
385,2024-02-29,2024,Feb,C148,Laptop,Electronics,1,9713,9713,2781.34,West
386,2024-05-04,2024,May,C183,Monitor,Electronics,5,3726,18630,2719.14,North
387,2024-10-18,2024,Oct,C015,Keyboard,Electronics,10,25317,253170,71480.81,North
388,2024-06-17,2024,Jun,C128,Printer,Electronics,10,20073,200730,22638.35,West
389,2024-08-31,2024,Aug,C125,Printer,Electronics,8,6191,49528,13410.16,West
390,2024-04-01,2024,Apr,C182,Monitor,Electronics,6,15883,95298,24160.99,South
391,2024-10-22,2024,Oct,C158,Keyboard,Electronics,5,6691,33455,6787.28,South
392,2024-08-17,2024,Aug,C099,Phone,Electronics,5,3008,15040,3678.09,West
393,2024-06-09,2024,Jun,C137,Laptop,Electronics,8,21192,169536,21345.23,South
394,2024-06-27,2024,Jun,C034,Printer,Electronics,2,38883,77766,14681.89,East
395,2024-02-18,2024,Feb,C119,Chair,Furniture,8,8784,70272,9218.18,South
396,2024-04-26,2024,Apr,C091,Mouse,Electronics,9,49398,444582,111856.6,East
397,2024-08-24,2024,Aug,C126,Monitor,Electronics,4,39625,158500,32098.57,East
398,2024-09-17,2024,Sep,C107,Chair,Furniture,9,1839,16551,3741.98,South
399,2024-04-11,2024,Apr,C013,Chair,Furniture,8,38384,307072,72838.13,South
400,2024-04-12,2024,Apr,C104,Table,Furniture,3,49550,148650,18762.26,West
401,2024-04-24,2024,Apr,C068,Mouse,Electronics,4,43651,174604,25527.19,South
402,2024-04-24,2024,Apr,C012,Table,Furniture,3,15367,46101,11227.67,East
403,2024-10-15,2024,Oct,C119,Table,Furniture,2,38763,77526,18002.54,East
404,2024-09-16,2024,Sep,C128,Printer,Electronics,7,45117,315819,57131.46,West
405,2024-06-21,2024,Jun,C065,Chair,Furniture,6,17405,104430,18844.52,East
406,2024-01-30,2024,Jan,C047,Keyboard,Electronics,8,47248,377984,52913.58,North
407,2024-12-20,2024,Dec,C178,Table,Furniture,6,13399,80394,9316.49,North
408,2024-09-04,2024,Sep,C072,Printer,Electronics,3,1013,3039,862.69,South
409,2024-01-21,2024,Jan,C080,Table,Furniture,2,17616,35232,5540.33,West
410,2024-10-07,2024,Oct,C128,Phone,Electronics,3,44491,133473,32389.39,East
411,2024-10-21,2024,Oct,C125,Table,Furniture,9,576,5184,545.48,West
412,2024-07-31,2024,Jul,C018,Keyboard,Electronics,2,28897,57794,17085.82,West
413,2024-10-24,2024,Oct,C055,Keyboard,Electronics,10,17876,178760,22788.57,West
414,2024-08-25,2024,Aug,C082,Chair,Furniture,6,27660,165960,37254.19,West
415,2024-12-02,2024,Dec,C164,Phone,Electronics,7,25133,175931,48376.47,North
416,2024-05-17,2024,May,C060,Laptop,Electronics,6,39147,234882,48428.76,West
417,2024-05-21,2024,May,C044,Monitor,Electronics,10,616,6160,809.78,East
418,2024-08-04,2024,Aug,C177,Phone,Electronics,10,11064,110640,28112.09,North
419,2024-11-01,2024,Nov,C128,Keyboard,Electronics,9,12350,111150,23500.22,West
420,2024-07-19,2024,Jul,C157,Keyboard,Electronics,10,5307,53070,12965.33,South
421,2024-11-01,2024,Nov,C137,Chair,Furniture,10,9759,97590,19906.53,West
422,2024-01-13,2024,Jan,C183,Laptop,Electronics,7,4716,33012,8541.25,West
423,2024-10-20,2024,Oct,C133,Printer,Electronics,1,25131,25131,5580.57,East
424,2024-07-24,2024,Jul,C173,Keyboard,Electronics,7,28828,201796,36237.36,East
425,2024-12-12,2024,Dec,C080,Chair,Furniture,6,48546,291276,37583.29,North
426,2024-03-20,2024,Mar,C011,Monitor,Electronics,7,7350,51450,12613.68,West
427,2024-04-03,2024,Apr,C072,Table,Furniture,4,29884,119536,15685.18,South
428,2024-07-06,2024,Jul,C191,Laptop,Electronics,3,8359,25077,6919.43,South
429,2024-04-14,2024,Apr,C057,Printer,Electronics,8,48227,385816,94921.24,East
430,2024-12-08,2024,Dec,C191,Table,Furniture,10,34311,343110,97150.56,South
431,2024-10-10,2024,Oct,C081,Keyboard,Electronics,7,23237,162659,45203.29,West
432,2024-05-19,2024,May,C043,Laptop,Electronics,10,42493,424930,121118.06,West
433,2024-11-24,2024,Nov,C078,Laptop,Electronics,9,21763,195867,22669.43,East
434,2024-12-15,2024,Dec,C197,Mouse,Electronics,6,37927,227562,38663.33,West
435,2024-06-19,2024,Jun,C067,Laptop,Electronics,2,29238,58476,15519.58,North
436,2024-10-06,2024,Oct,C135,Chair,Furniture,7,24534,171738,32725.0,East
437,2024-05-15,2024,May,C171,Laptop,Electronics,3,38816,116448,27011.27,East
438,2024-04-15,2024,Apr,C025,Monitor,Electronics,9,14906,134154,16886.58,West
439,2024-12-18,2024,Dec,C048,Phone,Electronics,7,9731,68117,15328.51,North
440,2024-10-31,2024,Oct,C145,Laptop,Electronics,1,16436,16436,4643.67,West
441,2024-09-26,2024,Sep,C137,Laptop,Electronics,4,45789,183156,29441.53,North
442,2024-02-19,2024,Feb,C036,Keyboard,Electronics,5,49773,248865,29619.11,South
443,2024-10-08,2024,Oct,C122,Chair,Furniture,1,48646,48646,9705.21,West
444,2024-12-12,2024,Dec,C106,Mouse,Electronics,1,36777,36777,9956.49,South
445,2024-05-23,2024,May,C129,Phone,Electronics,9,5871,52839,10809.87,East
446,2024-05-12,2024,May,C015,Printer,Electronics,7,10990,76930,8180.43,East
447,2024-10-31,2024,Oct,C119,Mouse,Electronics,10,28090,280900,83251.8,North
448,2024-10-05,2024,Oct,C100,Keyboard,Electronics,5,17790,88950,18922.08,South
449,2024-01-25,2024,Jan,C047,Mouse,Electronics,8,39103,312824,69352.33,South
450,2024-11-20,2024,Nov,C130,Chair,Furniture,4,7610,30440,5725.82,South
451,2024-02-18,2024,Feb,C045,Phone,Electronics,3,6647,19941,5396.96,North
452,2024-08-27,2024,Aug,C118,Phone,Electronics,7,30806,215642,22950.92,West
453,2024-12-12,2024,Dec,C010,Keyboard,Electronics,10,24020,240200,49350.16,East
454,2024-12-28,2024,Dec,C184,Mouse,Electronics,1,22342,22342,5093.04,South
455,2024-04-28,2024,Apr,C090,Keyboard,Electronics,3,7599,22797,5679.88,South
456,2024-09-08,2024,Sep,C027,Mouse,Electronics,8,25739,205912,51149.85,North
457,2024-05-29,2024,May,C083,Printer,Electronics,9,1641,14769,2877.1,East
458,2024-01-23,2024,Jan,C026,Laptop,Electronics,9,36659,329931,52341.68,South
459,2024-03-12,2024,Mar,C087,Phone,Electronics,8,15591,124728,22366.24,North
460,2024-10-13,2024,Oct,C115,Printer,Electronics,3,26143,78429,13209.54,South
461,2024-08-22,2024,Aug,C197,Phone,Electronics,1,3247,3247,448.88,North
462,2024-07-22,2024,Jul,C125,Keyboard,Electronics,9,33283,299547,71407.07,South
463,2024-06-10,2024,Jun,C069,Keyboard,Electronics,6,33155,198930,29389.0,North
464,2024-06-02,2024,Jun,C012,Phone,Electronics,8,39994,319952,49146.16,North
465,2024-11-14,2024,Nov,C123,Table,Furniture,5,26499,132495,17727.69,East
466,2024-06-04,2024,Jun,C031,Table,Furniture,7,40522,283654,33270.87,West
467,2024-12-07,2024,Dec,C060,Printer,Electronics,4,30336,121344,24631.25,South
468,2024-06-20,2024,Jun,C128,Table,Furniture,9,41472,373248,51337.98,South
469,2024-10-16,2024,Oct,C192,Monitor,Electronics,7,11699,81893,16540.93,North
470,2024-04-21,2024,Apr,C129,Table,Furniture,10,34003,340030,73882.16,West
471,2024-07-15,2024,Jul,C180,Mouse,Electronics,1,1965,1965,463.97,East
472,2024-06-07,2024,Jun,C027,Laptop,Electronics,1,34840,34840,8258.2,North
473,2024-08-20,2024,Aug,C179,Laptop,Electronics,10,39997,399970,106341.15,East
474,2024-07-05,2024,Jul,C172,Monitor,Electronics,9,40051,360459,57865.75,East
475,2024-06-08,2024,Jun,C026,Chair,Furniture,6,27377,164262,34339.55,East
476,2024-06-01,2024,Jun,C086,Laptop,Electronics,1,28630,28630,3085.37,West
477,2024-04-17,2024,Apr,C086,Table,Furniture,10,6475,64750,14775.33,East
478,2024-05-18,2024,May,C107,Table,Furniture,2,17981,35962,8955.17,North
479,2024-09-20,2024,Sep,C094,Chair,Furniture,7,35978,251846,33807.23,East
480,2024-01-29,2024,Jan,C084,Printer,Electronics,10,30170,301700,32149.03,South
481,2024-10-02,2024,Oct,C005,Laptop,Electronics,8,45739,365912,58184.71,South
482,2024-06-26,2024,Jun,C071,Printer,Electronics,10,33173,331730,47528.03,West
483,2024-01-09,2024,Jan,C029,Laptop,Electronics,10,14730,147300,33107.26,South
484,2024-05-25,2024,May,C033,Mouse,Electronics,2,2517,5034,1375.54,West
485,2024-07-18,2024,Jul,C153,Phone,Electronics,6,38422,230532,68559.91,North
486,2024-03-18,2024,Mar,C195,Monitor,Electronics,3,30976,92928,16080.77,East
487,2024-03-16,2024,Mar,C014,Monitor,Electronics,4,22326,89304,18343.58,East
488,2024-05-10,2024,May,C166,Table,Furniture,1,10097,10097,2216.3,West
489,2024-12-13,2024,Dec,C084,Monitor,Electronics,3,42242,126726,25759.82,East
490,2024-06-20,2024,Jun,C022,Phone,Electronics,2,28758,57516,12450.85,East
491,2024-02-04,2024,Feb,C063,Table,Furniture,9,17285,155565,31037.63,North
492,2024-08-14,2024,Aug,C162,Keyboard,Electronics,1,31632,31632,8438.09,North
493,2024-10-05,2024,Oct,C116,Printer,Electronics,1,46216,46216,4728.5,North
494,2024-02-28,2024,Feb,C045,Keyboard,Electronics,6,23618,141708,35104.66,North
495,2024-10-05,2024,Oct,C010,Monitor,Electronics,4,37845,151380,43071.59,West
496,2024-02-14,2024,Feb,C059,Table,Furniture,1,27081,27081,6909.46,East
497,2024-09-27,2024,Sep,C036,Phone,Electronics,3,8388,25164,6435.79,North
498,2024-10-12,2024,Oct,C070,Phone,Electronics,9,34380,309420,74777.79,South
499,2024-05-12,2024,May,C104,Monitor,Electronics,4,40433,161732,42074.89,East
500,2024-01-11,2024,Jan,C098,Keyboard,Electronics,2,49198,98396,18235.98,North
501,2024-06-27,2024,Jun,C188,Mouse,Electronics,8,9201,73608,16311.15,South
502,2024-02-22,2024,Feb,C161,Laptop,Electronics,3,7758,23274,6975.43,West
503,2024-09-11,2024,Sep,C168,Table,Furniture,3,13594,40782,4691.98,North
504,2024-02-06,2024,Feb,C014,Chair,Furniture,7,31855,222985,62273.54,North
505,2024-12-17,2024,Dec,C135,Keyboard,Electronics,5,19647,98235,28043.21,South
506,2024-07-25,2024,Jul,C101,Phone,Electronics,7,42564,297948,66421.08,South
507,2024-08-12,2024,Aug,C183,Keyboard,Electronics,10,22625,226250,40972.64,North
508,2024-10-23,2024,Oct,C133,Laptop,Electronics,2,3121,6242,638.89,West
509,2024-04-30,2024,Apr,C058,Table,Furniture,1,48861,48861,10294.54,East
510,2024-08-21,2024,Aug,C002,Chair,Furniture,8,12291,98328,28456.88,West
511,2024-07-28,2024,Jul,C127,Phone,Electronics,8,22634,181072,41062.41,North
512,2024-10-03,2024,Oct,C092,Monitor,Electronics,3,47831,143493,20791.94,East
513,2024-04-05,2024,Apr,C125,Mouse,Electronics,4,24483,97932,20546.92,South
514,2024-01-13,2024,Jan,C161,Laptop,Electronics,5,29897,149485,32971.29,South
515,2024-06-18,2024,Jun,C139,Keyboard,Electronics,9,19567,176103,42333.02,East
516,2024-11-20,2024,Nov,C142,Phone,Electronics,4,29500,118000,30688.77,North
517,2024-08-20,2024,Aug,C134,Phone,Electronics,7,13777,96439,18280.24,North
518,2024-07-23,2024,Jul,C104,Monitor,Electronics,6,1715,10290,2897.08,South
519,2024-12-30,2024,Dec,C002,Chair,Furniture,10,41227,412270,119943.97,South
520,2024-08-28,2024,Aug,C172,Laptop,Electronics,3,42204,126612,31104.85,South
521,2024-02-29,2024,Feb,C076,Chair,Furniture,2,41296,82592,24113.99,South
522,2024-12-30,2024,Dec,C068,Phone,Electronics,4,12518,50072,12889.02,West
523,2024-06-19,2024,Jun,C059,Phone,Electronics,6,41280,247680,57526.63,West
524,2024-06-18,2024,Jun,C159,Monitor,Electronics,8,38088,304704,77223.57,West
525,2024-09-30,2024,Sep,C097,Monitor,Electronics,7,24800,173600,32475.2,East
526,2024-08-11,2024,Aug,C014,Monitor,Electronics,7,25976,181832,45476.57,North
527,2024-06-11,2024,Jun,C052,Phone,Electronics,6,14918,89508,17279.39,North
528,2024-10-12,2024,Oct,C126,Laptop,Electronics,6,12194,73164,15601.18,North
529,2024-04-01,2024,Apr,C035,Keyboard,Electronics,3,38918,116754,19068.64,East
530,2024-06-02,2024,Jun,C012,Phone,Electronics,1,11466,11466,1560.46,West
531,2024-10-27,2024,Oct,C183,Table,Furniture,1,7042,7042,737.5,West
532,2024-03-13,2024,Mar,C137,Chair,Furniture,8,42368,338944,67675.17,West
533,2024-08-20,2024,Aug,C023,Mouse,Electronics,3,31267,93801,26547.84,South
534,2024-10-29,2024,Oct,C192,Phone,Electronics,10,42723,427230,122452.33,North
535,2024-11-12,2024,Nov,C058,Laptop,Electronics,10,22565,225650,29080.1,West
536,2024-05-21,2024,May,C119,Chair,Furniture,9,45538,409842,103686.51,West
537,2024-07-08,2024,Jul,C175,Printer,Electronics,10,21578,215780,48934.35,North
538,2024-02-19,2024,Feb,C190,Laptop,Electronics,6,9153,54918,6503.79,North
539,2024-02-01,2024,Feb,C165,Phone,Electronics,4,35073,140292,23038.32,West
540,2024-11-19,2024,Nov,C030,Phone,Electronics,8,45087,360696,89149.2,West
541,2024-04-20,2024,Apr,C182,Table,Furniture,1,18884,18884,5285.33,East
542,2024-09-19,2024,Sep,C071,Printer,Electronics,5,11297,56485,9096.0,North
543,2024-10-16,2024,Oct,C004,Keyboard,Electronics,1,13784,13784,2856.02,East
544,2024-02-18,2024,Feb,C015,Phone,Electronics,5,37495,187475,33381.16,South
545,2024-03-04,2024,Mar,C090,Printer,Electronics,10,28423,284230,84534.13,South
546,2024-11-01,2024,Nov,C109,Phone,Electronics,4,15539,62156,12755.23,North
547,2024-07-24,2024,Jul,C079,Table,Furniture,4,16277,65108,8073.33,North
548,2024-01-14,2024,Jan,C055,Keyboard,Electronics,10,33094,330940,34918.06,North
549,2024-06-14,2024,Jun,C018,Table,Furniture,2,30458,60916,15084.66,East
550,2024-09-19,2024,Sep,C068,Laptop,Electronics,9,3409,30681,6590.82,West
551,2024-12-12,2024,Dec,C022,Printer,Electronics,5,16357,81785,24527.67,South
552,2024-05-04,2024,May,C178,Printer,Electronics,1,9739,9739,1436.53,West
553,2024-03-05,2024,Mar,C119,Mouse,Electronics,3,1190,3570,550.29,East
554,2024-04-17,2024,Apr,C191,Phone,Electronics,10,5100,51000,14047.9,South
555,2024-09-17,2024,Sep,C091,Printer,Electronics,9,21660,194940,50330.84,East
556,2024-05-31,2024,May,C057,Chair,Furniture,1,30626,30626,3106.23,West
557,2024-04-05,2024,Apr,C109,Phone,Electronics,9,39108,351972,69820.61,South
558,2024-09-22,2024,Sep,C133,Laptop,Electronics,9,45590,410310,43816.04,East
559,2024-10-26,2024,Oct,C048,Table,Furniture,4,41214,164856,30012.9,West
560,2024-07-12,2024,Jul,C119,Printer,Electronics,5,7756,38780,7431.13,West
561,2024-06-29,2024,Jun,C088,Printer,Electronics,4,14087,56348,6345.96,North
562,2024-09-09,2024,Sep,C080,Printer,Electronics,8,48725,389800,52458.88,West
563,2024-03-12,2024,Mar,C005,Table,Furniture,5,46094,230470,42148.92,East
564,2024-09-25,2024,Sep,C089,Keyboard,Electronics,4,7736,30944,5930.82,North
565,2024-12-24,2024,Dec,C033,Printer,Electronics,2,42150,84300,24140.89,West
566,2024-10-27,2024,Oct,C176,Monitor,Electronics,4,47973,191892,20963.34,East
567,2024-01-31,2024,Jan,C176,Monitor,Electronics,9,23971,215739,43386.03,South
568,2024-12-31,2024,Dec,C050,Table,Furniture,5,46195,230975,50730.51,South
569,2024-10-30,2024,Oct,C102,Mouse,Electronics,7,32298,226086,36465.11,West
570,2024-03-11,2024,Mar,C160,Keyboard,Electronics,5,2778,13890,2040.13,East
571,2024-09-24,2024,Sep,C034,Laptop,Electronics,3,15623,46869,7904.57,North
572,2024-10-11,2024,Oct,C148,Phone,Electronics,5,30890,154450,39110.02,North
573,2024-01-10,2024,Jan,C097,Monitor,Electronics,10,35867,358670,47614.11,North
574,2024-03-13,2024,Mar,C179,Phone,Electronics,7,12369,86583,15878.59,West
575,2024-09-27,2024,Sep,C116,Mouse,Electronics,1,30050,30050,5390.98,North
576,2024-01-15,2024,Jan,C097,Mouse,Electronics,10,18971,189710,51615.67,South
577,2024-06-26,2024,Jun,C123,Printer,Electronics,5,41349,206745,40802.69,South
578,2024-08-15,2024,Aug,C194,Monitor,Electronics,4,43798,175192,51319.76,North
579,2024-09-12,2024,Sep,C127,Phone,Electronics,5,7379,36895,4664.05,West
580,2024-03-31,2024,Mar,C034,Chair,Furniture,9,39224,353016,62791.6,East
581,2024-04-08,2024,Apr,C191,Chair,Furniture,1,37715,37715,10502.28,West
582,2024-09-14,2024,Sep,C111,Table,Furniture,9,46008,414072,43152.17,North
583,2024-08-21,2024,Aug,C158,Phone,Electronics,8,1877,15016,3171.57,East
584,2024-10-06,2024,Oct,C113,Chair,Furniture,7,49115,343805,95256.39,South
585,2024-08-27,2024,Aug,C169,Monitor,Electronics,10,39148,391480,112353.42,North
586,2024-11-11,2024,Nov,C044,Mouse,Electronics,3,47933,143799,26549.57,South
587,2024-04-06,2024,Apr,C022,Mouse,Electronics,9,31179,280611,76674.27,South
588,2024-03-22,2024,Mar,C164,Laptop,Electronics,3,8729,26187,3881.51,West
589,2024-06-30,2024,Jun,C166,Keyboard,Electronics,2,43429,86858,18748.92,West
590,2024-12-25,2024,Dec,C145,Phone,Electronics,4,15860,63440,7169.03,North
591,2024-01-23,2024,Jan,C181,Phone,Electronics,5,20370,101850,23113.83,West
592,2024-07-24,2024,Jul,C194,Laptop,Electronics,7,37226,260582,62093.94,West
593,2024-06-27,2024,Jun,C140,Keyboard,Electronics,9,1097,9873,1701.36,West
594,2024-11-01,2024,Nov,C200,Keyboard,Electronics,3,46519,139557,15144.26,East
595,2024-09-16,2024,Sep,C136,Monitor,Electronics,8,8136,65088,18341.57,West
596,2024-03-03,2024,Mar,C143,Monitor,Electronics,9,2143,19287,4469.03,North
597,2024-03-04,2024,Mar,C157,Table,Furniture,9,38475,346275,39305.84,South
598,2024-11-19,2024,Nov,C012,Laptop,Electronics,6,38438,230628,38353.75,North
599,2024-04-29,2024,Apr,C033,Printer,Electronics,7,35418,247926,26541.32,South
600,2024-12-18,2024,Dec,C154,Monitor,Electronics,6,6069,36414,6713.01,North
601,2024-12-15,2024,Dec,C020,Printer,Electronics,5,5402,27010,6143.94,West
602,2024-07-24,2024,Jul,C025,Chair,Furniture,4,7049,28196,6816.12,East
603,2024-10-07,2024,Oct,C076,Printer,Electronics,1,33597,33597,9250.28,West
604,2024-09-25,2024,Sep,C009,Monitor,Electronics,1,43432,43432,8760.65,South
605,2024-12-05,2024,Dec,C099,Mouse,Electronics,9,32935,296415,67185.94,North
606,2024-11-11,2024,Nov,C193,Keyboard,Electronics,8,33225,265800,70461.19,North
607,2024-11-15,2024,Nov,C136,Monitor,Electronics,9,28775,258975,44532.59,North
608,2024-01-10,2024,Jan,C135,Chair,Furniture,1,20172,20172,5533.59,East
609,2024-12-22,2024,Dec,C199,Monitor,Electronics,6,36824,220944,34121.43,East
610,2024-09-03,2024,Sep,C024,Chair,Furniture,8,14290,114320,29283.83,East
611,2024-06-01,2024,Jun,C028,Chair,Furniture,6,33211,199266,31007.03,North
612,2024-12-26,2024,Dec,C189,Table,Furniture,8,33772,270176,47241.03,East
613,2024-06-07,2024,Jun,C133,Laptop,Electronics,1,45131,45131,10336.14,West
614,2024-06-06,2024,Jun,C152,Phone,Electronics,1,28582,28582,4518.17,South
615,2024-06-05,2024,Jun,C122,Chair,Furniture,2,24922,49844,5652.48,South
616,2024-12-24,2024,Dec,C021,Chair,Furniture,7,14620,102340,15774.26,East
617,2024-05-04,2024,May,C082,Keyboard,Electronics,5,37275,186375,26737.03,South
618,2024-01-22,2024,Jan,C005,Phone,Electronics,10,27883,278830,80409.86,South
619,2024-07-14,2024,Jul,C100,Laptop,Electronics,4,38352,153408,32916.98,South
620,2024-12-19,2024,Dec,C004,Laptop,Electronics,9,36359,327231,96929.71,West
621,2024-06-22,2024,Jun,C140,Chair,Furniture,8,41278,330224,75783.98,North
622,2024-08-06,2024,Aug,C153,Mouse,Electronics,7,21024,147168,26026.77,South
623,2024-07-11,2024,Jul,C091,Printer,Electronics,5,26031,130155,25582.4,North
624,2024-03-31,2024,Mar,C110,Phone,Electronics,9,22799,205191,42161.64,West
625,2024-05-29,2024,May,C037,Phone,Electronics,9,12734,114606,12417.46,South
626,2024-08-29,2024,Aug,C055,Monitor,Electronics,1,36029,36029,4583.15,East
627,2024-06-02,2024,Jun,C050,Monitor,Electronics,1,7398,7398,971.3,West
628,2024-09-06,2024,Sep,C010,Table,Furniture,7,34520,241640,40977.57,North
629,2024-10-27,2024,Oct,C199,Printer,Electronics,7,16075,112525,28204.83,North
630,2024-11-13,2024,Nov,C179,Printer,Electronics,9,23180,208620,31278.69,East
631,2024-02-23,2024,Feb,C065,Printer,Electronics,2,12359,24718,6058.43,North
632,2024-12-04,2024,Dec,C157,Printer,Electronics,4,22274,89096,24774.71,West
633,2024-12-02,2024,Dec,C116,Chair,Furniture,8,48422,387376,98979.11,North
634,2024-10-22,2024,Oct,C198,Table,Furniture,4,7024,28096,7039.97,South
635,2024-09-17,2024,Sep,C119,Phone,Electronics,10,16496,164960,23020.01,North
636,2024-11-09,2024,Nov,C112,Printer,Electronics,2,36134,72268,16925.94,East
637,2024-02-16,2024,Feb,C080,Laptop,Electronics,3,20536,61608,17032.52,North
638,2024-10-02,2024,Oct,C107,Mouse,Electronics,3,12467,37401,10354.17,North
639,2024-03-01,2024,Mar,C045,Table,Furniture,4,37865,151460,40709.83,West
640,2024-07-10,2024,Jul,C141,Chair,Furniture,7,21519,150633,42259.47,South
641,2024-04-03,2024,Apr,C177,Mouse,Electronics,7,43954,307678,70608.65,South
642,2024-08-24,2024,Aug,C112,Keyboard,Electronics,6,8181,49086,5307.0,South
643,2024-11-26,2024,Nov,C152,Printer,Electronics,5,31553,157765,46028.54,South
644,2024-05-06,2024,May,C020,Phone,Electronics,3,24644,73932,8876.58,South
645,2024-10-31,2024,Oct,C074,Keyboard,Electronics,4,43543,174172,29246.68,South
646,2024-04-15,2024,Apr,C170,Laptop,Electronics,4,16085,64340,12119.28,West
647,2024-07-10,2024,Jul,C098,Phone,Electronics,8,45129,361032,99878.34,East
648,2024-12-26,2024,Dec,C097,Table,Furniture,1,37042,37042,9104.29,South
649,2024-03-01,2024,Mar,C064,Table,Furniture,4,29115,116460,19811.96,South
650,2024-01-28,2024,Jan,C082,Keyboard,Electronics,3,10442,31326,9203.32,West
651,2024-12-01,2024,Dec,C144,Printer,Electronics,8,17602,140816,41549.14,West
652,2024-06-29,2024,Jun,C091,Laptop,Electronics,10,1697,16970,4476.58,North
653,2024-02-15,2024,Feb,C160,Chair,Furniture,2,41648,83296,9364.77,South
654,2024-10-25,2024,Oct,C106,Laptop,Electronics,9,2806,25254,2813.71,East
655,2024-06-24,2024,Jun,C075,Chair,Furniture,6,11322,67932,10462.61,North
656,2024-11-11,2024,Nov,C091,Monitor,Electronics,6,16384,98304,11450.3,South
657,2024-03-02,2024,Mar,C181,Mouse,Electronics,7,3393,23751,6743.29,South
658,2024-07-12,2024,Jul,C059,Monitor,Electronics,1,6904,6904,1408.01,South
659,2024-11-08,2024,Nov,C167,Table,Furniture,1,43537,43537,11822.11,North
660,2024-02-07,2024,Feb,C184,Printer,Electronics,8,1249,9992,2972.13,East
661,2024-04-20,2024,Apr,C197,Chair,Furniture,7,25946,181622,27448.24,East
662,2024-05-02,2024,May,C193,Laptop,Electronics,1,39861,39861,9744.67,North
663,2024-08-03,2024,Aug,C001,Chair,Furniture,3,49470,148410,33689.23,West
664,2024-12-23,2024,Dec,C109,Monitor,Electronics,10,22040,220400,49268.16,West
665,2024-03-27,2024,Mar,C145,Keyboard,Electronics,9,7035,63315,15836.29,East
666,2024-01-24,2024,Jan,C139,Table,Furniture,10,39321,393210,72381.56,East
667,2024-09-12,2024,Sep,C064,Printer,Electronics,7,8304,58128,13117.61,North
668,2024-04-21,2024,Apr,C025,Keyboard,Electronics,6,9069,54414,7219.73,North
669,2024-05-15,2024,May,C092,Chair,Furniture,4,22836,91344,20909.62,South
670,2024-10-16,2024,Oct,C176,Mouse,Electronics,8,27356,218848,27418.51,East
671,2024-04-24,2024,Apr,C025,Laptop,Electronics,10,27102,271020,77404.04,East
672,2024-08-10,2024,Aug,C122,Monitor,Electronics,9,44097,396873,62724.09,South
673,2024-09-05,2024,Sep,C082,Mouse,Electronics,2,47403,94806,17794.33,West
674,2024-09-20,2024,Sep,C137,Mouse,Electronics,6,25340,152040,41486.9,South
675,2024-07-17,2024,Jul,C120,Chair,Furniture,10,16677,166770,20551.06,West
676,2024-09-21,2024,Sep,C025,Mouse,Electronics,5,32458,162290,41986.06,North
677,2024-06-19,2024,Jun,C144,Table,Furniture,6,20356,122136,30769.23,West
678,2024-01-04,2024,Jan,C190,Laptop,Electronics,8,28998,231984,53038.44,West
679,2024-03-22,2024,Mar,C160,Printer,Electronics,8,39271,314168,55536.57,South
680,2024-08-05,2024,Aug,C195,Keyboard,Electronics,2,7029,14058,1425.68,North
681,2024-06-02,2024,Jun,C137,Phone,Electronics,4,27803,111212,28762.62,West
682,2024-08-12,2024,Aug,C040,Chair,Furniture,4,29333,117332,23315.99,South
683,2024-08-05,2024,Aug,C069,Phone,Electronics,9,9777,87993,24632.22,East
684,2024-02-16,2024,Feb,C160,Phone,Electronics,4,46254,185016,55485.81,South
685,2024-12-30,2024,Dec,C128,Laptop,Electronics,6,34057,204342,59404.58,West
686,2024-11-09,2024,Nov,C187,Laptop,Electronics,8,12876,103008,18714.02,North
687,2024-09-01,2024,Sep,C149,Monitor,Electronics,3,13728,41184,7206.73,East
688,2024-12-12,2024,Dec,C087,Chair,Furniture,6,1284,7704,2094.31,South
689,2024-05-11,2024,May,C030,Monitor,Electronics,6,30873,185238,52623.79,West
690,2024-07-18,2024,Jul,C079,Chair,Furniture,7,16917,118419,25217.19,South
691,2024-10-13,2024,Oct,C007,Chair,Furniture,1,39018,39018,6249.7,West
692,2024-01-20,2024,Jan,C191,Keyboard,Electronics,2,43368,86736,25603.83,North
693,2024-08-26,2024,Aug,C162,Monitor,Electronics,7,4137,28959,3654.19,West
694,2024-07-23,2024,Jul,C104,Chair,Furniture,9,3876,34884,7551.12,East
695,2024-02-08,2024,Feb,C076,Chair,Furniture,5,49121,245605,70945.8,East
696,2024-05-12,2024,May,C144,Laptop,Electronics,1,31745,31745,5883.42,South
697,2024-10-20,2024,Oct,C054,Keyboard,Electronics,9,14701,132309,39298.3,East
698,2024-09-23,2024,Sep,C039,Printer,Electronics,10,48764,487640,103387.83,West
699,2024-03-17,2024,Mar,C111,Phone,Electronics,5,23853,119265,30245.62,South
700,2024-02-05,2024,Feb,C033,Chair,Furniture,1,2758,2758,475.19,West
701,2024-08-08,2024,Aug,C129,Laptop,Electronics,3,18808,56424,6499.78,North
702,2024-04-22,2024,Apr,C161,Chair,Furniture,9,20958,188622,28697.45,South
703,2024-03-04,2024,Mar,C191,Phone,Electronics,1,8807,8807,2030.17,West
704,2024-12-11,2024,Dec,C116,Mouse,Electronics,2,29513,59026,17152.05,West
705,2024-10-23,2024,Oct,C094,Mouse,Electronics,1,18398,18398,5142.21,East
706,2024-05-19,2024,May,C048,Mouse,Electronics,5,15888,79440,15812.94,West
707,2024-04-07,2024,Apr,C026,Table,Furniture,6,28588,171528,29091.55,West
708,2024-08-06,2024,Aug,C150,Chair,Furniture,4,15300,61200,10596.98,East
709,2024-01-27,2024,Jan,C088,Chair,Furniture,6,7175,43050,4658.28,West
710,2024-05-21,2024,May,C064,Table,Furniture,9,46692,420228,44583.79,East
711,2024-06-26,2024,Jun,C146,Phone,Electronics,4,47970,191880,21461.09,East
712,2024-11-08,2024,Nov,C167,Keyboard,Electronics,10,14194,141940,26637.6,North
713,2024-01-13,2024,Jan,C072,Phone,Electronics,8,19452,155616,17435.58,East
714,2024-04-11,2024,Apr,C161,Mouse,Electronics,8,21814,174512,32230.45,North
715,2024-12-14,2024,Dec,C006,Keyboard,Electronics,2,27318,54636,14450.91,East
716,2024-07-13,2024,Jul,C197,Phone,Electronics,3,8215,24645,2508.54,West
717,2024-07-04,2024,Jul,C125,Keyboard,Electronics,7,40727,285089,77951.8,North
718,2024-05-22,2024,May,C117,Table,Furniture,4,48122,192488,31049.64,South
719,2024-01-06,2024,Jan,C063,Table,Furniture,9,37623,338607,81116.79,East
720,2024-10-21,2024,Oct,C126,Keyboard,Electronics,5,7157,35785,8083.3,East
721,2024-10-25,2024,Oct,C127,Monitor,Electronics,1,22894,22894,2978.41,South
722,2024-01-20,2024,Jan,C187,Phone,Electronics,5,48709,243545,46429.88,West
723,2024-07-31,2024,Jul,C067,Monitor,Electronics,4,18462,73848,12198.33,South
724,2024-11-05,2024,Nov,C160,Mouse,Electronics,2,5965,11930,2002.93,West
725,2024-07-02,2024,Jul,C044,Printer,Electronics,7,6002,42014,4485.33,South
726,2024-06-05,2024,Jun,C196,Phone,Electronics,5,24058,120290,31451.99,West
727,2024-05-20,2024,May,C042,Monitor,Electronics,10,27270,272700,31429.17,East
728,2024-02-27,2024,Feb,C181,Laptop,Electronics,4,33098,132392,38603.67,West
729,2024-09-20,2024,Sep,C180,Phone,Electronics,4,15494,61976,14531.96,South
730,2024-07-25,2024,Jul,C106,Laptop,Electronics,1,11923,11923,2833.4,South
731,2024-10-11,2024,Oct,C085,Laptop,Electronics,10,34099,340990,91816.29,South
732,2024-12-03,2024,Dec,C112,Keyboard,Electronics,3,2625,7875,1500.07,West
733,2024-05-26,2024,May,C086,Laptop,Electronics,10,46646,466460,89671.47,North
734,2024-01-18,2024,Jan,C071,Keyboard,Electronics,4,2459,9836,2331.46,North
735,2024-01-14,2024,Jan,C139,Monitor,Electronics,8,7333,58664,7486.22,East
736,2024-05-28,2024,May,C060,Monitor,Electronics,10,2226,22260,6417.77,West
737,2024-08-11,2024,Aug,C151,Laptop,Electronics,4,46807,187228,26749.18,South
738,2024-12-20,2024,Dec,C141,Table,Furniture,6,22496,134976,27043.7,East
739,2024-10-11,2024,Oct,C011,Laptop,Electronics,3,35777,107331,18691.95,West
740,2024-10-21,2024,Oct,C150,Laptop,Electronics,10,15210,152100,42234.99,North
741,2024-05-04,2024,May,C181,Laptop,Electronics,1,38352,38352,3937.45,West
742,2024-12-10,2024,Dec,C067,Phone,Electronics,4,33074,132296,25319.34,East
743,2024-08-14,2024,Aug,C067,Monitor,Electronics,7,4598,32186,4958.64,North
744,2024-11-17,2024,Nov,C170,Mouse,Electronics,4,30395,121580,22621.13,South
745,2024-05-28,2024,May,C071,Chair,Furniture,3,26189,78567,20536.12,West
746,2024-10-28,2024,Oct,C169,Chair,Furniture,6,44569,267414,53002.88,North
747,2024-06-17,2024,Jun,C034,Laptop,Electronics,10,21069,210690,58632.07,East
748,2024-07-30,2024,Jul,C168,Printer,Electronics,2,974,1948,241.83,West
749,2024-05-17,2024,May,C131,Printer,Electronics,9,36554,328986,93060.08,East
750,2024-03-08,2024,Mar,C030,Laptop,Electronics,6,40516,243096,36479.25,South
751,2024-04-25,2024,Apr,C194,Laptop,Electronics,8,5336,42688,8507.37,North
752,2024-04-15,2024,Apr,C171,Laptop,Electronics,2,44841,89682,13018.2,West
753,2024-02-22,2024,Feb,C158,Phone,Electronics,3,29787,89361,13683.51,East
754,2024-04-02,2024,Apr,C056,Table,Furniture,4,23860,95440,19828.92,North
755,2024-12-28,2024,Dec,C051,Laptop,Electronics,3,5238,15714,2291.42,South
756,2024-07-16,2024,Jul,C052,Monitor,Electronics,5,48601,243005,43688.64,East
757,2024-11-06,2024,Nov,C039,Printer,Electronics,1,4886,4886,1313.19,North
758,2024-12-01,2024,Dec,C035,Keyboard,Electronics,9,33024,297216,65229.8,South
759,2024-08-25,2024,Aug,C062,Laptop,Electronics,3,33293,99879,12975.58,North
760,2024-10-11,2024,Oct,C077,Laptop,Electronics,3,33767,101301,17162.42,West
761,2024-10-18,2024,Oct,C059,Keyboard,Electronics,1,20335,20335,4516.33,North
762,2024-09-18,2024,Sep,C188,Chair,Furniture,2,38689,77378,18356.43,South
763,2024-08-02,2024,Aug,C140,Chair,Furniture,3,33573,100719,13685.76,West
764,2024-04-09,2024,Apr,C084,Printer,Electronics,10,24586,245860,30051.05,North
765,2024-09-19,2024,Sep,C162,Laptop,Electronics,8,21047,168376,28320.51,East
766,2024-12-05,2024,Dec,C130,Table,Furniture,2,45728,91456,16996.05,North
767,2024-01-22,2024,Jan,C063,Monitor,Electronics,3,44427,133281,38886.47,East
768,2024-06-12,2024,Jun,C078,Monitor,Electronics,5,24971,124855,15412.84,South
769,2024-07-15,2024,Jul,C087,Chair,Furniture,10,14374,143740,37416.69,West
770,2024-04-18,2024,Apr,C031,Mouse,Electronics,6,26792,160752,24359.51,South
771,2024-02-28,2024,Feb,C096,Phone,Electronics,8,39953,319624,85259.26,North
772,2024-08-29,2024,Aug,C181,Chair,Furniture,8,22375,179000,21283.24,East
773,2024-02-01,2024,Feb,C152,Chair,Furniture,6,35632,213792,27020.41,East
774,2024-05-06,2024,May,C162,Laptop,Electronics,3,44933,134799,39251.03,South
775,2024-10-25,2024,Oct,C189,Phone,Electronics,1,20721,20721,4763.95,West
776,2024-04-07,2024,Apr,C194,Keyboard,Electronics,6,2452,14712,1911.98,South
777,2024-12-25,2024,Dec,C081,Laptop,Electronics,8,41714,333712,39345.65,West
778,2024-08-11,2024,Aug,C099,Table,Furniture,8,45750,366000,64593.9,West
779,2024-12-01,2024,Dec,C053,Mouse,Electronics,10,37478,374780,63191.22,South
780,2024-09-04,2024,Sep,C146,Monitor,Electronics,8,3931,31448,4504.06,North
781,2024-04-07,2024,Apr,C108,Table,Furniture,4,30260,121040,33933.63,South
782,2024-08-01,2024,Aug,C125,Mouse,Electronics,3,33313,99939,14732.88,North
783,2024-01-14,2024,Jan,C075,Mouse,Electronics,2,32793,65586,13868.3,North
784,2024-07-10,2024,Jul,C137,Chair,Furniture,7,14890,104230,27725.18,South
785,2024-11-22,2024,Nov,C106,Chair,Furniture,9,14714,132426,13724.68,South
786,2024-04-06,2024,Apr,C172,Chair,Furniture,1,48918,48918,13796.48,West
787,2024-11-20,2024,Nov,C054,Chair,Furniture,4,30397,121588,25072.01,North
788,2024-04-07,2024,Apr,C046,Printer,Electronics,7,25551,178857,51365.25,West
789,2024-04-12,2024,Apr,C066,Keyboard,Electronics,8,21941,175528,42430.73,West
790,2024-05-29,2024,May,C177,Printer,Electronics,6,30336,182016,21077.34,East
791,2024-04-06,2024,Apr,C109,Monitor,Electronics,5,30169,150845,36603.04,South
792,2024-08-20,2024,Aug,C185,Mouse,Electronics,1,46018,46018,11776.0,South
793,2024-04-23,2024,Apr,C195,Phone,Electronics,3,39766,119298,34519.76,South
794,2024-06-28,2024,Jun,C067,Chair,Furniture,3,24701,74103,13276.56,North
795,2024-11-14,2024,Nov,C031,Table,Furniture,5,24579,122895,20415.74,West
796,2024-07-24,2024,Jul,C115,Chair,Furniture,4,46112,184448,36584.74,East
797,2024-02-07,2024,Feb,C020,Laptop,Electronics,3,25946,77838,11049.95,South
798,2024-07-27,2024,Jul,C200,Keyboard,Electronics,3,4279,12837,2055.76,South
799,2024-01-10,2024,Jan,C090,Laptop,Electronics,1,15863,15863,3075.83,North
800,2024-07-03,2024,Jul,C071,Phone,Electronics,4,45870,183480,46057.59,West
801,2024-01-17,2024,Jan,C134,Chair,Furniture,3,37031,111093,27803.78,East
802,2024-10-31,2024,Oct,C012,Mouse,Electronics,7,48620,340340,83465.68,North
803,2024-09-05,2024,Sep,C123,Chair,Furniture,9,42272,380448,105441.17,East
804,2024-02-26,2024,Feb,C067,Printer,Electronics,3,35410,106230,20109.18,West
805,2024-04-20,2024,Apr,C056,Table,Furniture,1,7437,7437,1883.17,West
806,2024-09-28,2024,Sep,C126,Printer,Electronics,1,8424,8424,1234.41,West
807,2024-07-20,2024,Jul,C162,Mouse,Electronics,10,48654,486540,117009.28,North
808,2024-11-12,2024,Nov,C083,Monitor,Electronics,10,24835,248350,47566.18,South
809,2024-04-06,2024,Apr,C120,Monitor,Electronics,9,16975,152775,16938.22,South
810,2024-03-25,2024,Mar,C173,Keyboard,Electronics,3,35465,106395,31258.81,North
811,2024-07-30,2024,Jul,C173,Laptop,Electronics,2,30581,61162,11979.45,South
812,2024-02-22,2024,Feb,C113,Monitor,Electronics,10,35756,357560,70186.71,West
813,2024-03-12,2024,Mar,C115,Laptop,Electronics,10,32505,325050,81014.72,West
814,2024-07-06,2024,Jul,C092,Table,Furniture,8,4539,36312,5068.22,North
815,2024-02-01,2024,Feb,C150,Mouse,Electronics,2,2680,5360,888.41,East
816,2024-05-11,2024,May,C082,Keyboard,Electronics,5,40558,202790,50970.66,West
817,2024-10-13,2024,Oct,C146,Laptop,Electronics,5,20244,101220,21082.11,South
818,2024-05-04,2024,May,C193,Laptop,Electronics,8,21269,170152,23373.69,East
819,2024-05-31,2024,May,C049,Keyboard,Electronics,1,48444,48444,12231.71,East
820,2024-04-28,2024,Apr,C066,Chair,Furniture,8,39726,317808,33781.28,East
821,2024-03-17,2024,Mar,C171,Phone,Electronics,4,19086,76344,19875.94,West
822,2024-06-07,2024,Jun,C040,Keyboard,Electronics,1,11684,11684,2569.44,South
823,2024-03-09,2024,Mar,C106,Monitor,Electronics,2,12330,24660,4356.89,South
824,2024-09-24,2024,Sep,C073,Monitor,Electronics,6,6427,38562,9248.96,South
825,2024-03-04,2024,Mar,C016,Monitor,Electronics,2,21513,43026,6641.7,South
826,2024-10-08,2024,Oct,C090,Chair,Furniture,1,10483,10483,1755.91,North
827,2024-12-09,2024,Dec,C081,Keyboard,Electronics,5,30107,150535,43319.9,South
828,2024-03-04,2024,Mar,C157,Table,Furniture,1,5237,5237,669.15,East
829,2024-09-10,2024,Sep,C128,Table,Furniture,4,8028,32112,4375.47,East
830,2024-03-18,2024,Mar,C144,Mouse,Electronics,5,38280,191400,21579.87,North
831,2024-03-31,2024,Mar,C059,Table,Furniture,9,25448,229032,37137.66,West
832,2024-12-21,2024,Dec,C069,Monitor,Electronics,8,9973,79784,12952.78,West
833,2024-11-21,2024,Nov,C024,Table,Furniture,3,19056,57168,6445.43,South
834,2024-02-10,2024,Feb,C161,Laptop,Electronics,10,16427,164270,26288.0,East
835,2024-01-01,2024,Jan,C135,Keyboard,Electronics,6,6788,40728,4833.11,East
836,2024-12-23,2024,Dec,C123,Printer,Electronics,3,15919,47757,7330.43,North
837,2024-07-07,2024,Jul,C133,Mouse,Electronics,5,29051,145255,27370.37,North
838,2024-05-27,2024,May,C150,Phone,Electronics,10,9381,93810,14169.98,West
839,2024-08-21,2024,Aug,C042,Phone,Electronics,2,34521,69042,8619.55,North
840,2024-01-25,2024,Jan,C182,Keyboard,Electronics,10,27357,273570,37118.29,North
841,2024-12-15,2024,Dec,C172,Phone,Electronics,6,37087,222522,24377.31,West
842,2024-09-26,2024,Sep,C137,Monitor,Electronics,10,45935,459350,105901.94,North
843,2024-12-15,2024,Dec,C047,Phone,Electronics,10,10040,100400,16813.84,South
844,2024-01-02,2024,Jan,C176,Table,Furniture,4,34905,139620,41721.8,North
845,2024-02-23,2024,Feb,C070,Mouse,Electronics,10,10447,104470,29317.34,South
846,2024-02-25,2024,Feb,C118,Table,Furniture,4,9926,39704,9329.46,West
847,2024-11-13,2024,Nov,C087,Phone,Electronics,2,40348,80696,19817.67,South
848,2024-08-05,2024,Aug,C054,Keyboard,Electronics,5,17659,88295,24920.39,East
849,2024-04-05,2024,Apr,C062,Printer,Electronics,1,27570,27570,4973.81,West
850,2024-04-03,2024,Apr,C152,Printer,Electronics,10,2055,20550,3564.22,East
851,2024-07-25,2024,Jul,C184,Chair,Furniture,4,42104,168416,28377.08,West
852,2024-03-12,2024,Mar,C078,Chair,Furniture,4,18656,74624,13748.49,West
853,2024-12-15,2024,Dec,C144,Chair,Furniture,9,23708,213372,39338.13,West
854,2024-11-03,2024,Nov,C178,Table,Furniture,1,9053,9053,1581.4,West
855,2024-03-20,2024,Mar,C181,Printer,Electronics,5,18196,90980,20526.12,South
856,2024-09-14,2024,Sep,C052,Laptop,Electronics,9,48247,434223,53227.56,East
857,2024-09-05,2024,Sep,C196,Chair,Furniture,6,5078,30468,4014.94,West
858,2024-06-08,2024,Jun,C077,Monitor,Electronics,1,42579,42579,12313.31,South
859,2024-06-01,2024,Jun,C060,Laptop,Electronics,4,47756,191024,47910.81,East
860,2024-06-21,2024,Jun,C076,Monitor,Electronics,1,21241,21241,4187.67,South
861,2024-12-11,2024,Dec,C067,Phone,Electronics,3,36623,109869,24865.22,North
862,2024-06-04,2024,Jun,C106,Keyboard,Electronics,1,44127,44127,12942.37,West
863,2024-11-20,2024,Nov,C132,Laptop,Electronics,3,12140,36420,4779.83,West
864,2024-05-29,2024,May,C043,Laptop,Electronics,1,3582,3582,1020.4,South
865,2024-04-20,2024,Apr,C027,Monitor,Electronics,8,4109,32872,6611.81,East
866,2024-06-16,2024,Jun,C137,Mouse,Electronics,3,1501,4503,876.71,South
867,2024-08-12,2024,Aug,C024,Laptop,Electronics,9,24890,224010,32625.89,East
868,2024-09-15,2024,Sep,C151,Laptop,Electronics,3,15562,46686,7906.69,East
869,2024-12-28,2024,Dec,C174,Phone,Electronics,7,7745,54215,5534.48,South
870,2024-01-26,2024,Jan,C015,Monitor,Electronics,1,16127,16127,2340.33,West
871,2024-03-24,2024,Mar,C040,Mouse,Electronics,7,9969,69783,17761.39,North
872,2024-01-18,2024,Jan,C141,Mouse,Electronics,9,9699,87291,11085.7,South
873,2024-08-28,2024,Aug,C060,Keyboard,Electronics,2,25044,50088,5137.31,East
874,2024-06-20,2024,Jun,C038,Table,Furniture,9,49638,446742,100037.19,West
875,2024-01-18,2024,Jan,C053,Chair,Furniture,5,3489,17445,2517.89,West
876,2024-11-01,2024,Nov,C061,Mouse,Electronics,10,36674,366740,102307.55,North
877,2024-07-17,2024,Jul,C129,Printer,Electronics,10,40888,408880,76004.54,East
878,2024-09-04,2024,Sep,C071,Chair,Furniture,6,49142,294852,79995.04,South
879,2024-07-31,2024,Jul,C158,Laptop,Electronics,10,27660,276600,82460.52,West
880,2024-01-25,2024,Jan,C099,Phone,Electronics,5,11609,58045,8155.32,East
881,2024-10-07,2024,Oct,C184,Mouse,Electronics,5,29592,147960,22711.28,North
882,2024-03-14,2024,Mar,C011,Table,Furniture,9,30930,278370,51421.02,South
883,2024-12-12,2024,Dec,C043,Chair,Furniture,6,20001,120006,34691.64,South
884,2024-03-10,2024,Mar,C013,Laptop,Electronics,8,23838,190704,45607.76,South
885,2024-08-24,2024,Aug,C105,Table,Furniture,8,12939,103512,14718.68,East
886,2024-03-27,2024,Mar,C181,Monitor,Electronics,4,43141,172564,38324.9,North
887,2024-04-08,2024,Apr,C153,Laptop,Electronics,4,47445,189780,30617.54,North
888,2024-04-14,2024,Apr,C091,Mouse,Electronics,7,46485,325395,62842.89,South
889,2024-06-30,2024,Jun,C091,Keyboard,Electronics,10,10284,102840,21492.83,South
890,2024-01-16,2024,Jan,C036,Phone,Electronics,4,48064,192256,50096.08,North
891,2024-06-06,2024,Jun,C096,Monitor,Electronics,6,45525,273150,67059.37,North
892,2024-11-17,2024,Nov,C087,Keyboard,Electronics,8,37745,301960,78015.82,North
893,2024-04-06,2024,Apr,C191,Keyboard,Electronics,8,16833,134664,16983.89,West
894,2024-10-06,2024,Oct,C102,Mouse,Electronics,1,24261,24261,3466.4,West
895,2024-11-05,2024,Nov,C136,Chair,Furniture,5,40334,201670,39299.73,South
896,2024-12-22,2024,Dec,C091,Phone,Electronics,2,31278,62556,17333.42,West
897,2024-09-08,2024,Sep,C022,Laptop,Electronics,4,15429,61716,10778.81,North
898,2024-03-28,2024,Mar,C066,Table,Furniture,3,21466,64398,7702.4,East
899,2024-03-21,2024,Mar,C144,Phone,Electronics,3,38820,116460,29526.29,North
900,2024-08-16,2024,Aug,C077,Laptop,Electronics,6,44406,266436,61996.74,North
901,2024-11-30,2024,Nov,C039,Monitor,Electronics,6,46856,281136,75906.76,East
902,2024-11-23,2024,Nov,C109,Mouse,Electronics,6,41209,247254,63974.57,East
903,2024-04-23,2024,Apr,C165,Table,Furniture,9,43153,388377,110427.05,North
904,2024-01-04,2024,Jan,C040,Chair,Furniture,4,24250,97000,21032.46,North
905,2024-08-03,2024,Aug,C076,Phone,Electronics,1,30477,30477,5669.14,South
906,2024-01-25,2024,Jan,C008,Printer,Electronics,7,41380,289660,73830.53,West
907,2024-03-20,2024,Mar,C162,Mouse,Electronics,10,1530,15300,2406.3,South
908,2024-07-22,2024,Jul,C110,Keyboard,Electronics,6,33073,198438,45107.81,North
909,2024-09-23,2024,Sep,C095,Keyboard,Electronics,7,19451,136157,23110.58,East
910,2024-05-27,2024,May,C023,Printer,Electronics,3,29714,89142,10018.07,West
911,2024-10-29,2024,Oct,C145,Mouse,Electronics,5,29959,149795,42095.46,North
912,2024-01-09,2024,Jan,C198,Phone,Electronics,1,22929,22929,3955.43,North
913,2024-12-26,2024,Dec,C095,Mouse,Electronics,7,29068,203476,54176.43,West
914,2024-01-26,2024,Jan,C161,Printer,Electronics,8,42014,336112,45393.55,North
915,2024-09-01,2024,Sep,C151,Phone,Electronics,1,32380,32380,9395.51,East
916,2024-11-16,2024,Nov,C019,Laptop,Electronics,1,33016,33016,4773.56,South
917,2024-07-09,2024,Jul,C092,Phone,Electronics,10,24234,242340,44514.28,North
918,2024-03-31,2024,Mar,C040,Phone,Electronics,6,21478,128868,15351.62,East
919,2024-08-06,2024,Aug,C041,Chair,Furniture,5,5065,25325,6953.16,West
920,2024-01-27,2024,Jan,C056,Printer,Electronics,10,985,9850,2531.44,North
921,2024-07-08,2024,Jul,C163,Phone,Electronics,5,7335,36675,10963.46,West
922,2024-01-22,2024,Jan,C089,Table,Furniture,10,38508,385080,110577.1,North
923,2024-11-12,2024,Nov,C129,Chair,Furniture,6,46736,280416,48450.51,West
924,2024-08-25,2024,Aug,C108,Printer,Electronics,3,42703,128109,22848.05,West
925,2024-03-19,2024,Mar,C175,Monitor,Electronics,5,1864,9320,1269.73,East
926,2024-09-14,2024,Sep,C146,Mouse,Electronics,9,28265,254385,54022.78,East
927,2024-04-14,2024,Apr,C192,Phone,Electronics,4,44260,177040,36005.31,North
928,2024-12-30,2024,Dec,C006,Mouse,Electronics,7,13306,93142,27517.51,West
929,2024-09-10,2024,Sep,C084,Mouse,Electronics,10,22528,225280,61243.77,East
930,2024-05-02,2024,May,C102,Printer,Electronics,8,44313,354504,64559.03,West
931,2024-12-30,2024,Dec,C035,Monitor,Electronics,10,34767,347670,78001.91,East
932,2024-05-23,2024,May,C017,Printer,Electronics,10,42963,429630,75030.3,North
933,2024-10-06,2024,Oct,C135,Keyboard,Electronics,6,24115,144690,20899.72,West
934,2024-09-12,2024,Sep,C182,Keyboard,Electronics,6,2562,15372,3631.78,West
935,2024-06-21,2024,Jun,C113,Phone,Electronics,4,30447,121788,21394.4,North
936,2024-10-31,2024,Oct,C086,Printer,Electronics,1,5796,5796,978.92,South
937,2024-11-24,2024,Nov,C048,Phone,Electronics,6,4714,28284,5812.34,North
938,2024-04-08,2024,Apr,C181,Table,Furniture,2,29848,59696,14375.19,East
939,2024-11-19,2024,Nov,C178,Table,Furniture,8,33237,265896,35594.99,West
940,2024-08-28,2024,Aug,C177,Laptop,Electronics,7,39228,274596,30207.32,South
941,2024-03-25,2024,Mar,C061,Chair,Furniture,1,2699,2699,464.89,East
942,2024-08-28,2024,Aug,C011,Table,Furniture,7,27748,194236,49689.52,West
943,2024-05-13,2024,May,C039,Keyboard,Electronics,7,6711,46977,8797.54,North
944,2024-09-07,2024,Sep,C136,Printer,Electronics,8,34613,276904,35235.64,West
945,2024-12-10,2024,Dec,C007,Table,Furniture,8,4915,39320,7384.86,North
946,2024-12-28,2024,Dec,C081,Table,Furniture,2,30667,61334,9092.24,South
947,2024-07-14,2024,Jul,C106,Keyboard,Electronics,3,34018,102054,24243.52,West
948,2024-05-13,2024,May,C126,Laptop,Electronics,2,7797,15594,1686.89,East
949,2024-02-18,2024,Feb,C126,Printer,Electronics,6,13397,80382,21605.35,West
950,2024-05-15,2024,May,C042,Table,Furniture,6,42180,253080,69845.48,North
951,2024-11-15,2024,Nov,C176,Phone,Electronics,8,49660,397280,102307.9,West
952,2024-09-04,2024,Sep,C196,Keyboard,Electronics,2,37985,75970,21539.63,North
953,2024-12-18,2024,Dec,C054,Phone,Electronics,1,44754,44754,13273.13,West
954,2024-03-26,2024,Mar,C145,Table,Furniture,9,34351,309159,42182.59,North
955,2024-09-20,2024,Sep,C090,Keyboard,Electronics,3,19783,59349,10263.7,South
956,2024-09-28,2024,Sep,C179,Chair,Furniture,4,31877,127508,17316.31,East
957,2024-06-05,2024,Jun,C094,Chair,Furniture,5,28272,141360,28409.75,North
958,2024-01-04,2024,Jan,C013,Keyboard,Electronics,2,3850,7700,2094.68,East
959,2024-12-13,2024,Dec,C103,Keyboard,Electronics,6,39549,237294,36845.39,West
960,2024-03-15,2024,Mar,C086,Keyboard,Electronics,7,33598,235186,69187.78,South
961,2024-07-05,2024,Jul,C001,Table,Furniture,7,9289,65023,18019.89,West
962,2024-09-06,2024,Sep,C139,Keyboard,Electronics,5,7226,36130,3930.16,North
963,2024-04-17,2024,Apr,C010,Laptop,Electronics,8,17130,137040,40947.51,South
964,2024-07-27,2024,Jul,C021,Phone,Electronics,4,32183,128732,14051.61,East
965,2024-11-12,2024,Nov,C172,Phone,Electronics,9,23895,215055,59438.88,South
966,2024-11-21,2024,Nov,C068,Chair,Furniture,1,48746,48746,14414.26,North
967,2024-10-08,2024,Oct,C071,Monitor,Electronics,10,22170,221700,34439.42,West
968,2024-04-26,2024,Apr,C073,Printer,Electronics,2,32412,64824,14808.04,West
969,2024-11-21,2024,Nov,C116,Mouse,Electronics,9,7335,66015,16352.43,West
970,2024-11-24,2024,Nov,C044,Printer,Electronics,9,45899,413091,116487.94,South
971,2024-08-30,2024,Aug,C198,Printer,Electronics,3,14225,42675,11343.34,South
972,2024-09-20,2024,Sep,C078,Printer,Electronics,5,20907,104535,11995.71,West
973,2024-05-01,2024,May,C098,Monitor,Electronics,3,35167,105501,21969.69,East
974,2024-09-11,2024,Sep,C038,Phone,Electronics,7,32862,230034,52849.48,South
975,2024-05-19,2024,May,C175,Phone,Electronics,2,30474,60948,14638.74,North
976,2024-09-16,2024,Sep,C188,Keyboard,Electronics,7,37488,262416,63085.11,West
977,2024-02-09,2024,Feb,C113,Chair,Furniture,7,12644,88508,9838.27,South
978,2024-06-11,2024,Jun,C074,Mouse,Electronics,2,7733,15466,3075.05,West
979,2024-02-05,2024,Feb,C160,Monitor,Electronics,9,1255,11295,2237.73,East
980,2024-07-12,2024,Jul,C017,Chair,Furniture,6,27447,164682,31974.79,South
981,2024-10-08,2024,Oct,C082,Phone,Electronics,4,18758,75032,21178.65,North
982,2024-08-04,2024,Aug,C103,Laptop,Electronics,3,3947,11841,2833.0,North
983,2024-03-09,2024,Mar,C198,Printer,Electronics,8,49311,394488,113780.8,South
984,2024-02-04,2024,Feb,C068,Table,Furniture,8,10373,82984,14412.88,East
985,2024-10-09,2024,Oct,C137,Monitor,Electronics,5,46332,231660,47061.87,East
986,2024-11-14,2024,Nov,C019,Keyboard,Electronics,7,9199,64393,10857.89,North
987,2024-11-12,2024,Nov,C019,Monitor,Electronics,6,24669,148014,15585.52,East
988,2024-04-14,2024,Apr,C055,Table,Furniture,5,41216,206080,46412.02,South
989,2024-12-26,2024,Dec,C119,Mouse,Electronics,9,21743,195687,47573.14,East
990,2024-09-30,2024,Sep,C151,Keyboard,Electronics,3,33710,101130,20844.15,South
991,2024-01-25,2024,Jan,C145,Monitor,Electronics,5,11216,56080,6753.59,North
992,2024-04-12,2024,Apr,C094,Mouse,Electronics,8,34047,272376,59336.81,South
993,2024-10-19,2024,Oct,C111,Printer,Electronics,4,39278,157112,20985.23,West
994,2024-11-21,2024,Nov,C165,Keyboard,Electronics,10,17865,178650,21826.35,South
995,2024-02-01,2024,Feb,C083,Table,Furniture,9,16928,152352,41773.76,East
996,2024-04-09,2024,Apr,C185,Phone,Electronics,6,13198,79188,10877.62,East
997,2024-11-18,2024,Nov,C099,Keyboard,Electronics,2,18549,37098,4830.57,East
998,2024-06-02,2024,Jun,C133,Laptop,Electronics,4,6810,27240,3591.83,West
999,2024-10-31,2024,Oct,C069,Chair,Furniture,5,47249,236245,66164.25,East
1000,2024-03-29,2024,Mar,C134,Monitor,Electronics,7,41360,289520,71612.09,East
